track,album_name,artist,release_date,isrc,all_time_rank,track_score,spotify_streams,spotify_popularity,youtube_views,tiktok_views,airplay_spins,siriusxm_spins,pandora_streams,soundcloud_streams,shazam_counts,explicit_track
MILLION DOLLAR BABY,Million Dollar Baby - Single,Tommy Richman,4/26/2024,QM24S2402528,1,725,390470936,92,84274754,5332281936,40975,684,18004655,4818457,2669262,0
Not Like Us,Not Like Us,Kendrick Lamar,5/4/2024,USUG12400910,2,545,323703884,92,116347040,208339025,40778,3,7780028,6623075,1118279,1
i like the way you kiss me,I like the way you kiss me,Artemas,3/19/2024,QZJ842400387,3,538,601309283,92,122599116,3369120610,74333,536,5022621,7208651,5285340,0
Lovin On Me,Lovin On Me,Jack Harlow,11/10/2023,USAT22311371,6,410,670665438,83,131148091,2938686633,522042,4654,138529362,9438601,4517131,1
BAND4BAND (feat. Lil Baby),BAND4BAND (feat. Lil Baby),Central Cee,5/23/2024,USSM12404354,10,330,90676573,86,32735244,974656200,3823,117,1005626,3679709,666302,1
I Had Some Help (feat. Morgan Wallen),I Had Some Help,Post Malone,5/10/2024,USUM72404990,11,322,250080413,91,32229063,2100000,62312,71,23155471,1594605,963413,1
LUNCH,HIT ME HARD AND SOFT,Billie Eilish,5/17/2024,USUM72401991,13,316,221636195,92,40022524,360017000,41344,45,1354692,1313357,450344,0
LALA,LALA - Single,Myke Towers,3/22/2023,USWL12300002,16,299,925655569,79,934302031,7499234052,92231,228,12171026,871978,2765808,1
Fortnight (feat. Post Malone),THE TORTURED POETS DEPARTMENT,Taylor Swift,4/18/2024,USUG12401028,17,297,395433400,89,104673836,207317000,129968,3,9961769,377734,1210029,0
BLUE,HIT ME HARD AND SOFT,Billie Eilish,5/17/2024,USUM72401996,19,292,91272461,86,16038053,1225345800,181,1,283089,975891,257661,0
Espresso,Espresso,Sabrina Carpenter,4/12/2024,USUM72403305,22,281,547882871,95,107550212,1379499000,37208,236,10362898,1551157,1373085,1
SHEESH,BABYMONS7ER,BABYMONSTER,4/1/2024,KRA402400016,32,237,124893397,82,359896095,390081328,2188,32,130743,265670,191867,0
Water,Water,Tyla,7/28/2023,USSM12305126,33,234,670376179,83,265180930,3932956380,486952,1215,40418532,6049784,6447136,0
Strangers,Strangers,Kenya Grace,9/1/2023,USWB12305048,34,233,750154960,79,118208096,2231749390,378114,856,20228317,10938075,7477917,0
Lose Control,Lose Control,Teddy Swims,6/23/2023,USWB12302315,38,224,775135157,87,139180960,597513595,605841,162,253538985,5409388,10517831,0
fukumean,fukumean,Gunna,6/15/2023,USAT22306575,39,221,759998727,80,94699547,3281790327,265291,4003,64456799,33130829,3945184,1
Dance Monkey,Dance Monkey,Tones And I,5/10/2019,QZES71982312,40,214,3071214106,71,3366447481,5861939942,573733,169,373294159,37430204,44842636,0
BIRDS OF A FEATHER,HIT ME HARD AND SOFT,Billie Eilish,5/17/2024,USUM72401994,41,212,214237645,92,11033725,443104700,3400,8,840442,1369981,285858,0
I'm Good (Blue),I'm Good (Blue),David Guetta,8/26/2022,UKWLG2200055,43,209,1658229422,83,466080689,1051836430,935190,2487,139926990,8007236,10973120,1
Daylight,Daylight,David Kushner,4/14/2023,QZXDB2300005,44,207,1126820069,82,274070101,2578518632,259255,96,28924685,9505098,8681350,0
My Love Mine All Mine,The Land Is Inhospitable and So Are We,Mitski,9/15/2023,USJ5G2335007,45,206,997702304,86,48093111,5469808282,36285,2676,6151267,7980051,2682219,0
Please Please Please,Please Please Please,Sabrina Carpenter,6/6/2024,USUM72404101,46,205,59314441,83,22374807,1200000,2359,2,360163,9883,47115,1
Houdini,Houdini - Single,Dua Lipa,11/9/2023,GBAHT2301246,47,205,493627071,80,150571504,386610043,564640,405,25843941,1991527,2389957,0
Shape of You,Shape of You,Ed Sheeran,1/6/2017,GBAHS1600463,54,195,3909458734,80,8013997219,2320856331,402829,282,733565655,78149375,1146246,0
Blinding Lights,Blinding Lights,The Weeknd,11/29/2019,USUG11904206,56,194,4281468720,83,833807130,3501177394,1695240,1116,489299762,28659471,28994660,0
Unholy (feat. Kim Petras),Unholy (feat. Kim Petras),Sam Smith,9/22/2022,GBUM72205415,60,189,1556275789,74,254051906,7945975878,718849,117,111398743,10424892,10192485,0
Supernova,Supernova,aespa,5/13/2024,KRA302400090,63,186,69729033,81,111310770,393973528,709,13,45515,255951,63283,0
Calm Down,Calm Down,Rema,2/10/2022,NGA3B2214004,66,180,584427088,68,1141904909,18216656774,191634,759,98290873,14668216,22563407,0
Kill Bill,SOS,SZA,12/8/2022,USRC12204584,68,177,1873746537,82,220538045,1284413960,655242,5448,57350590,16992932,4873832,0
"What Was I Made For? [From The Motion Picture ""Barbie""]","What Was I Made For? (From The Motion Picture ""Barbie"")",Billie Eilish,7/13/2023,USUM72307484,69,177,891720245,82,144741616,3998086216,275119,68,39374594,5418596,4476509,0
Old Town Road,Old Town Road,Lil Nas X,3/14/2019,USSM11901941,75,170,1010494713,67,3203314695,1981431049,49780,2195,181784010,106880548,8856633,0
Sprinter,Sprinter - Single,Dave,6/1/2023,GBUM72305159,78,168,692512930,78,219666692,1254944697,42082,36,411656,12405917,3093667,1
TQG,TQG,KAROL G,2/23/2023,USUM72222541,80,167,1024381758,78,1102289596,248168852,149584,38,68022934,164895,3488226,1
Pepas,Pepas,Farruko,6/24/2021,USSD12100307,82,167,1500499584,74,1431591689,4067248819,240677,438,120046948,6227,17210946,1
Ella Baila Sola,Ella Baila Sola,Eslabon Armado,3/16/2023,USE7D2300007,84,166,1215336974,74,701880622,15373104,40153,227,84378219,17115523,3435177,0
Dance The Night - From Barbie The Album,Dance The Night (From Barbie The Album),Dua Lipa,5/25/2023,USAT22305457,85,166,860026452,80,173044031,1227837850,759185,1100,64567514,1843883,3199636,0
La Bebe - Remix,La Bebe (Remix),Yng Lvcas,3/17/2023,MXF152300159,86,164,1032225805,79,920878032,2416141351,57941,177,55410702,230579,2635577,1
All My Life (feat. J. Cole),All My Life (feat. J. Cole),Lil Durk,5/12/2023,USQX92302957,90,162,333202114,68,203487345,748253884,346411,146,90114807,16620102,4207535,1
"Quevedo: Bzrp Music Sessions, Vol. 52","Quevedo: Bzrp Music Sessions, Vol. 52",Bizarrap,7/6/2022,UYB282201028,92,161,1692951462,78,1132539234,2054826154,138254,37,18052815,4099686,6836893,0
Magnetic,SUPER REAL ME,ILLIT,3/25/2024,USA2P2413259,93,161,255076355,86,202206901,506476590,4716,137,220481,556784,659825,0
Boy's a Liar Pt. 2,Boy's a liar Pt. 2,PinkPantheress,2/3/2023,GBAYE2300015,96,153,851085705,70,211810152,8781020473,223173,6243,10207007,13896129,2580691,1
Snooze,SOS,SZA,12/9/2022,USRC12204591,97,153,1013350808,84,390677417,887803828,559589,513,74611167,17702595,3129609,1
Lil Boo Thang,Lil Boo Thang,Paul Russell,8/18/2023,USAR12300323,102,152,242070373,76,22907992,3832221658,370635,5999,84425715,670026,2219984,0
MONACO,nadie sabe lo que va a pasar maï¿½ï¿,Bad Bunny,10/13/2023,QMFME2364182,103,150,478150858,78,113379734,2111289492,35330,39,17823388,4374049,2255465,1
Training Season,Training Season,Dua Lipa,2/15/2024,GBAHT2301078,106,148,251153869,76,66691067,431390500,180711,57,10305245,776717,2047771,0
The Box,Please Excuse Me For Being Antisocial,Roddy Ricch,12/6/2019,USAT21906978,109,146,1911559785,78,441257231,4574447121,296948,181,295741432,168458097,11988760,1
Fast Car,Gettin' Old,Luke Combs,3/24/2023,US6XF2200436,112,144,518988585,80,107703759,924204888,673629,59,184924061,728039,3108167,0
Believer,Believer,Imagine Dragons,1/31/2017,USUM71700626,119,142,3006226762,81,4495059988,5876458723,253782,388,614578695,2943611,21306706,0
WAIT FOR U (feat. Drake & Tems),WAIT FOR U (feat. Drake & Tems),Future,4/27/2022,USSM12203789,120,141,787155930,77,357772653,836550889,463665,1308,182315884,48937045,3534164,1
I KNOW ?,UTOPIA,Travis Scott,7/28/2023,USSM12305012,121,139,532605345,81,97958347,947194801,107637,57,6334599,12785993,1861958,1
First Class,First Class,Jack Harlow,4/8/2022,USAT22203024,123,138,818858244,71,231229581,6890780336,666615,4406,117451442,24111168,4244972,1
FE!N,UTOPIA,Travis Scott,7/28/2023,USSM12305010,124,137,659010786,86,125203447,107398826,37314,361,3029375,14942955,1839283,1
MI EX TENï¿½ï¿½A RA,MAï¿½ï¿½ANA SERï¿½ï¿½ BONITO (BICHOTA,KAROL G,8/10/2023,USUG12305253,128,136,438796949,78,509727241,782582119,60758,959,38214505,62622,865444,0
Mood (feat. iann dior),Mood (feat. Iann Dior),24kGoldn,7/24/2020,USQX92003025,130,133,1867736006,76,747126783,1768836179,931316,1897,240562062,40756476,10228436,1
vampire,vampire,Olivia Rodrigo,6/30/2023,USUG12304091,138,128,998964097,18,113450524,1448207880,161513,93,28318435,4296515,4872257,1
People,People - Single,Libianca,12/5/2022,QZTB52268087,141,127,631955547,74,305998382,3233505931,122781,202,9017480,8026553,6121126,1
Lucid Dreams,Lucid Dreams,Juice WRLD,5/4/2018,USUG11800685,150,123,2548389305,78,987143411,338071383,69562,132,259400789,257459352,9308937,1
Last Night,3 Songs At A Time Sampler,Morgan Wallen,1/31/2023,USUG12300802,157,121,922010059,79,141852059,811685466,18364,1846,307115852,13022144,2665347,1
Bad Habits,#NAME?,Ed Sheeran,1/1/2020,GBAHS2100318,159,120,1754311538,74,958790883,2658904267,1347725,1035,269834154,17144484,15886717,0
I Remember Everything (feat. Kacey Musgraves),I Remember Everything (feat. Kacey Musgraves),Zach Bryan,8/24/2023,USWB12304903,169,116,630373315,84,50938569,586454750,83414,35,147144967,5597165,1673932,0
EL AMOR DE SU VIDA,EL AMOR DE SU VIDA,Grupo Frontera,8/3/2023,DGA062382895,171,115,474590289,78,577930708,509287649,15783,215,44676754,774895,1173817,0
PERRO NEGRO,nadie sabe lo que va a pasar maï¿½ï¿,Bad Bunny,10/13/2023,QMFME2364199,175,114,689181455,83,183381482,487440417,32507,175,14039085,2473108,930098,1
I Like You (A Happier Song) (with Doja Cat),Twelve Carat Toothache,Post Malone,6/3/2022,USUM72208023,179,112,827950825,73,299001099,1359837461,761996,2175,150508004,6459716,3384275,1
golden hour,golden hour,JVKE,7/15/2022,GBKPL2204171,183,111,1126986320,73,293553015,2305840359,148360,719,32611885,14112455,3897680,0
Get It Sexyy,Get It Sexyy,Sexyy Red,3/15/2024,QZSYP2454435,185,111,89362910,84,37676729,476545000,52534,976,10234988,2263132,514293,1
Escapism.,Escapism. / The Thrill Is Gone.,RAYE,10/12/2022,QMDA62217995,190,110,804925777,75,175393116,3209982240,400246,65,21279325,9065143,6548714,1
Jimmy Cooks (feat. 21 Savage),"Honestly, Nevermind",Drake,6/17/2022,USUG12204897,192,109,971473231,78,198796965,926300276,1041,641,50899547,24117364,3142892,1
What You Know Bout Love,Shoot For The Stars Aim For The Moon,Pop Smoke,7/3/2020,USUM72013339,193,109,1125681368,72,306628096,2775640343,372838,744,224742683,70901053,3908069,1
Without Me,Without Me,Halsey,10/4/2018,USUM71813499,200,107,2042792456,75,2018089906,2216715741,320792,300,562568504,24711739,14816076,1
Shallow,Shallow,Lady Gaga,9/27/2018,USUM71813192,204,106,2447973078,78,2732311956,168789459,228874,135,387105091,1196386,153863,0
Rush,Rush,Ayra Starr,9/16/2022,NGA3B2216004,205,106,371886608,67,361174452,1454848289,85871,230,10681624,9245741,8870769,0
Bad Habit,Bad Habit,Steve Lacy,6/29/2022,USRC12201440,207,105,1087938471,73,147472695,2783442788,2962,1461,13639179,26683563,4118983,1
Columbia,Columbia,Quevedo,7/7/2023,BK4DA2310533,209,105,721002940,79,266411536,752868970,51158,44,260176,120842,1148958,0
LADY GAGA,LADY GAGA,Peso Pluma,6/22/2023,QM7282306246,212,105,684204777,78,362779953,1207597707,4811,27,21933646,5928532,1567605,1
Nasty,Nasty,Tinashe,4/12/2024,USLD91757578,217,104,31612906,76,6277949,1051026401,1638,13,154795,3832811,336779,0
Superhero (Heroes & Villains),HEROES & VILLAINS,Metro Boomin,12/2/2022,USUG12208783,218,104,706356280,77,172653099,108461504,72856,331,27896080,22121803,2363066,1
Panda,Panda,Desiigner,2/26/2016,USUM71601094,219,104,1181348550,62,2277330940,283835852,22143,113,375337428,212661473,10372624,1
Used To Be Young,Endless Summer Vacation,Miley Cyrus,8/18/2023,USSM12306461,227,102,205468104,69,61624959,503074793,419595,266,55443800,111534,1999859,0
Here With Me,Here With Me,d4vd,7/20/2022,QZMEM2209263,234,101,1042311849,80,256736243,3656967030,18211,111,4556490,15609794,3315939,0
Favorite Song,Favorite Song,Toosii,2/17/2023,USUM72301797,235,101,186579651,62,231699320,117325107,200850,717,111316408,25797478,2561322,0
Si No Estï¿½,Si No Estï¿½ï¿½s - Si,iï¿½ï¿½igo quin,9/22/2022,TCAGM2208561,241,100,665716137,80,358206246,2653383273,77764,119,202795,1432443,5502998,0
Glimpse of Us,Glimpse of Us,Joji,6/10/2022,USWB12201789,242,99,1262308912,74,66246839,8988453878,116337,620,9562991,12895440,4350230,0
THATS WHAT I WANT,MONTERO,Lil Nas X,9/17/2021,USSM12105732,248,98,1062095453,72,194928107,3501946982,830038,2344,54997089,12581843,5957065,1
Chemical,Chemical,Post Malone,4/14/2023,USUM72305205,250,97,503574147,75,90349145,134469226,369794,678,41533233,3201843,2334089,1
Drip Too Hard (Lil Baby & Gunna),Drip Too Hard,Lil Baby,9/12/2018,USUG11801811,252,97,1486929795,76,637733433,523849646,52910,581,296071712,221209258,4911610,1
Starboy,Starboy,The Weeknd,9/22/2016,USUG11600976,265,95,3291262413,84,2829990867,375498232,68441,148,331295154,23612071,15648166,1
Sorry,Sorry,Justin Bieber,10/23/2015,USUM71516760,264,95,2089476497,78,4467507940,376376728,237066,402,420093148,475010,9657077,0
Calling My Phone,Calling My Phone,Lil Tjay,2/12/2021,USSM12100388,263,95,777064903,71,482028631,1411545704,147120,117,105932632,69864802,4012749,1
Too Many Nights (feat. Don Toliver & with Future),HEROES & VILLAINS,Metro Boomin,12/2/2022,USUG12208784,269,94,682837690,80,191823612,185584934,2067,48,2323771,18237169,3246804,1
MELTDOWN (feat. Drake),MELTDOWN (feat. Drake),Travis Scott,7/27/2023,USSM12305021,270,94,347647880,74,30685665,53065653,53527,13,12478966,9173465,861189,1
Moscow Mule,Un Verano Sin Ti,Bad Bunny,5/6/2022,QM6MZ2214875,272,94,1108031580,77,765780154,940630746,74052,113,41077827,9615729,1644044,1
Moonlight,Moonlight,Kali Uchis,2/24/2023,USUM72219486,275,93,701558859,74,209195939,1114531877,15726,126,3448723,8993848,3204314,0
Dior,Meet The Woo,Pop Smoke,7/26/2019,USUM71914275,285,91,1070422470,72,909072115,1077344517,82158,53,55282282,103490551,4711998,1
SAD!,SAD!,XXXTENTACION,3/2/2018,USUG11800208,289,90,2218531106,75,1800863873,435340082,21340,107,187658592,79154715,3798652,1
Primera Cita,La Primera Cita - Single,Carin Leon,4/20/2023,QZQMB2104890,290,90,598006591,80,415255950,1108602382,26180,172,26478187,1434610,2336296,0
Slow It Down,Slow It Down,Benson Boone,3/22/2024,USWB12400913,294,89,202667139,85,25188125,3500000,36922,326,16853510,442051,518777,0
Whoopty,Whoopty,CJ,8/20/2020,USA2P2031043,297,88,775664145,61,810607861,4864435271,1644,533,60410875,59294063,6422051,1
Super Shy,NewJeans 'Super Shy',NewJeans,7/7/2023,USA2P2330068,298,88,547471596,77,202977396,1998080214,23381,258,1428951,2172977,528849,0
HARLEY QUINN,HARLEY QUINN - Single,Fuerza Regida,10/18/2023,QZ9QQ2300781,301,87,462284590,84,110545167,1947539058,13786,721,14745087,233125,1075943,1
Baby Don't Hurt Me,Baby Don't Hurt Me - Single,David Guetta,4/7/2023,UKWLG2300016,300,87,509231024,79,40223001,312,396880,425,29557806,1308074,3375037,0
Ransom,Ransom,Lil Tecca,5/22/2019,QZ85M1940160,307,86,1355971796,77,749040183,532109309,26259,154,88012413,162569561,2972685,1
Romantic Homicide,Romantic Homicide,d4vd,7/20/2022,QZMEM2232831,308,86,1136504636,81,154143867,1306972284,8306,43,8674577,30568973,1892741,0
Pink Skies,Pink Skies,Zach Bryan,5/24/2024,USWB12401947,309,86,60240739,84,3322959,843600,734,1,5006041,521223,156886,0
Rockabye (feat. Sean Paul & Anne-Marie),Rockabye (feat. Sean Paul & Anne-Marie),Clean Bandit,10/21/2016,GBAHS1600363,310,86,1528107667,73,3187869227,595697842,174095,83,231249781,35600592,23696980,1
BESO,RR,ROSALï¿½,3/24/2023,USSM12301258,313,86,647201484,74,186060248,1792090770,106591,277,20360773,113549,1589528,0
Mood Swings (feat. Lil Tjay),Shoot For The Stars Aim For The Moon,Pop Smoke,7/3/2020,USUM72013632,317,85,785016247,70,654629596,976662212,41,25,140629473,73950933,3516050,1
Congratulations,Congratulations,Post Malone,11/4/2016,USUM71614484,322,85,1984802459,75,1790918527,811673866,32009,57,389602011,155990695,5233589,1
Good Good,Good Good,USHER,8/4/2023,QZS7J2331813,326,84,53825007,59,83224436,89022964,343553,33,58537921,2154788,1896814,1
Austin,Austin - Single,Dasha,11/17/2023,QZTB92360479,327,84,273023490,87,28916868,2850135008,83189,449,22107065,337191,1521087,1
Search & Rescue,Search & Rescue,Drake,4/7/2023,USUG12301601,329,84,337858357,69,40938953,192701225,119741,162,44542627,14784764,1383076,1
TULUM,TULUM,Peso Pluma,6/28/2023,QM7282325573,328,84,390182196,74,253468644,1391833232,20963,71,23438854,2169379,964306,1
Adderall (Corvette Corvette),Adderall (Corvette Corvette),Popp Hunna,10/14/2020,USA2P2036916,332,84,90383224,45,29836991,4082175492,470,423,6283417,10556085,759001,1
Sunroof,Sunroof,Nicky Youre,12/3/2021,USQX92202129,334,83,890752779,79,169046580,5807175,849471,491,110963977,771581,2488830,0
MAMIII,MAMIII,Becky G,2/10/2022,USRC12200425,337,83,911797058,74,628307968,3410691967,165243,430,112920660,190971,3561445,1
Until I Found You,Until I Found You,Stephen Sanchez,9/1/2021,USUG12103651,339,83,1020452066,73,385820349,3320885451,269792,1886,38544039,8598138,11693340,0
Stick Season,Stick Season,Noah Kahan,7/8/2022,USUM72212470,342,82,965865213,86,89431811,275016537,319240,577,18405146,8435767,3365903,0
Last Last,Last Last,Burna Boy,5/12/2022,USAT22204901,346,82,410722289,68,332556651,1049244970,214958,2031,15787293,16995425,4840000,0
500lbs,500lbs,Lil Tecca,7/21/2023,USUM72309854,349,82,350584176,68,32342535,11627298,1239,1452,2538334,18379949,776386,1
Knife Talk (with 21 Savage ft. Project Pat),Certified Lover Boy,Drake,9/3/2021,USUG12104409,348,82,732652170,72,247680355,711702658,3965,443,96181566,43754739,2095961,1
BILLIE EILISH.,BILLIE EILISH.,Armani White,5/19/2022,SGB502248062,350,82,359416593,64,116400996,10488403602,169548,7064,29260633,24428,3310069,1
Thinkinï¿½ï¿½ï¿½ B,One Thing At A Time,Morgan Wallen,3/3/2023,USUG12300821,353,81,406319778,80,84066193,99492470,262596,145,181953005,7289828,1185776,0
Sweet but Psycho,Sweet but Psycho,Ava Max,8/17/2018,USAT21802011,365,80,1668741024,76,1254501233,2733847243,368635,784,189191184,44121,13479680,0
Ferrari,Ferrari,James Hype,3/15/2022,GB3CE2200004,366,80,626010147,74,202193289,368044894,253244,332,2598595,6916408,6257313,0
Falling,Falling,Trevor Daniel,10/5/2018,USUYG1221109,367,80,1606023895,71,1151842584,8742744684,168415,126,212305894,2388,12373665,0
Save Your Tears,After Hours,The Weeknd,3/20/2020,USUG12000658,371,79,1995511952,80,365257705,1154403769,3607,321,283725931,22025427,15776388,1
Happier Than Ever,Happier Than Ever,Billie Eilish,7/30/2021,USUM72105936,372,79,1321878145,78,530778926,2295813182,82181,275,9900535,15220155,4647622,1
This Is What You Came For,This Is What You Came For,Calvin Harris,4/29/2016,GBARL1600460,373,79,1746790923,79,3084719501,137718139,119588,81,595393905,1056564,13444054,0
China,China,Anuel AA,7/19/2019,QM6P41952433,376,79,1178076574,68,2324673715,146747450,36105,20,97138846,2130789,5865011,0
Moonlight,?,XXXTENTACION,3/16/2018,USUG11800209,375,79,1885431727,77,1607650475,300772720,16859,2,138948996,80552486,3644968,1
Smart,EASY,LE SSERAFIM,2/19/2024,USA2P2402103,379,79,159256689,74,130698280,2059824051,915,16,264369,556351,234077,0
The Business,The Business,Tiï¿½ï¿,9/16/2020,CYA112000624,381,78,1191635193,70,539885283,1435552956,277419,484,108360279,140470,9642311,0
Ride It,Ride It,Regard,7/26/2019,GBCEN1900047,382,78,1349427877,76,564022753,5118900832,386774,894,182505519,19580257,16283609,0
Mwaki,SURRENDER,Zerb,9/27/2023,NLRD52339318,383,77,121234000,42,78160610,395342206,90542,163,1553861,1832441,4890793,0
The Hills,The Hills,The Weeknd,5/27/2015,USUG11500737,388,77,2306740926,80,2404495013,1174129136,9129,131,665990282,22542449,17199384,1
SKINNY,HIT ME HARD AND SOFT,Billie Eilish,5/17/2024,USUM72401995,390,77,77212437,84,7658766,1423956,238,2,226853,1687131,39163,0
Old Town Road - Remix,Old Town Road,Lil Nas X,4/5/2019,USSM11902498,404,76,1527106099,68,11512,478304071,109745,6,114089318,60525149,12855943,0
you broke me first,you broke me first,Tate McRae,4/17/2020,USRC12000832,409,75,1439465700,77,706284693,1383885042,395572,776,175068272,20648981,5808069,1
LA FALDA,LA FALDA - Single,Myke Towers,11/22/2023,USWL12302952,416,75,367399860,82,104584293,14800,42471,593,2176876,1095337,1040348,1
Under The Influence,Indigo (Extended),Chris Brown,10/4/2019,USRC11902743,423,74,1249760413,79,699931779,2436202278,456661,1057,101759650,17909859,12188959,1
Rock and A Hard Place,Rock and A Hard Place,Bailey Zimmerman,6/10/2022,USWB12201797,430,74,412845771,73,215094924,777869891,325922,84,260646662,10255088,1315179,0
telepatï¿½,Sin Miedo (del Amor y Otros Demonios) ï¿½,Kali Uchis,11/18/2020,GBUM72005748,435,73,1151629030,77,456651608,3401301248,173512,1303,53202036,18082840,6239619,0
Chulo pt.2,Chulopt2,Bad Gyal,6/22/2023,USUM72305143,438,73,318567928,69,313180496,797526303,16430,17,2065718,937320,857885,1
All Girls Are The Same,All Girls Are The Same,Juice WRLD,4/13/2018,USUG11800651,439,73,1615353665,76,130721152,294545167,610,31,95930512,229990892,3146346,1
Push Up - Main Edit,Push Up - Single,Creeds,3/31/2023,DEE862300564,441,73,274229438,77,22545691,1182280724,7748,33,471372,2972813,986887,0
UNAVAILABLE (feat. Musa Keys),Timeless,Davido,3/30/2023,GBARL2300322,444,73,155390490,68,135400007,1043240094,40272,339,4099754,3549319,2290047,1
Cruel Summer,Lover,Taylor Swift,8/23/2019,USUG11901472,451,72,2188247133,88,342388433,4967025679,913464,1264,60954563,2171676,3476323,0
EASY,EASY,LE SSERAFIM,2/19/2024,USA2P2402101,455,72,141803939,78,139498636,80625682,2733,46,306385,537003,190784,0
Lose My Breath (Feat. Charlie Puth),Lose My Breath,Stray Kids,5/10/2024,US5TA2400074,457,72,29994527,57,39678645,5347400,1664,12,277540,119216,69265,0
F.N,F.N,Lil Tjay,8/9/2019,USSM11904899,461,71,731933924,70,534384489,173278256,1919,51,39513101,139571395,1966253,1
Blank Space,1989 (Deluxe),Taylor Swift,1/1/2014,USCJY1431309,463,71,1829733410,76,3624778617,346032878,41483,123,730704780,749243,12259073,0
Scared To Start,Scared To Start,Michael Marcagi,1/12/2024,USWB12400001,469,71,284119669,84,14777855,18832300,33810,327,25145649,1957942,857426,0
Somebody That I Used To Know,Making Mirrors (Deluxe),Gotye,1/1/2011,AUZS21100040,471,71,1752826514,74,2729174469,4679645090,301048,474,878651542,15266983,37339828,0
Pop Out (feat. Lil Tjay),Pop Out (feat. Lil TJay),Polo G,2/7/2019,USQX91900309,472,70,858059276,70,464768581,417831392,31276,73,102388116,144090448,2592470,1
Something in the Orange,Something in the Orange,Zach Bryan,4/22/2022,USWB12201213,478,70,891578597,82,121756122,536850823,8,86,94783587,13539327,1548284,0
2055,2055,Sleepy Hallow,4/14/2021,USRC12100442,488,69,811700245,77,168936854,752325431,5018,232,7644784,66695368,925014,1
Bandit,Bandit - Single,Don Toliver,2/1/2024,USAT22400561,490,69,152597421,12,6556571,98100600,40104,1312,2807438,5005977,397211,1
Redbone,Redbone,Childish Gambino,11/17/2016,USYAH1600107,489,69,1615152539,76,887924965,430258743,52893,137,283815218,87687804,12370090,1
You Proof,You Proof,Morgan Wallen,5/13/2022,USUG12203266,494,69,644437397,79,141964689,327463451,340292,301,272571584,6380974,899954,0
MIA (feat. Drake),MIA (feat. Drake),Bad Bunny,10/11/2018,USWB11802236,503,68,1318254846,71,1572511545,244589825,104438,100,219127089,36852822,6952792,0
Ballin' (with Roddy Ricch),Perfect Ten,Mustard,6/28/2019,USUM71911808,502,68,907346612,69,372311322,245290801,644,34,161252380,124054000,5562800,1
Ain't No Love In Oklahoma (From Twisters: The Album),Ain't No Love In Oklahoma (From Twisters: The Album),Luke Combs,5/16/2024,USAT22402805,507,68,33661899,79,3729783,1441200,14021,1,5036410,262244,109089,0
Martin & Gina,THE GOAT,Polo G,5/15/2020,USQX92002595,516,68,885756212,76,226717718,200329006,12382,51,56515925,92358945,1642067,1
ily (i love you baby) (feat. Emilee),ily (feat. Emilee),Surf Mesa,11/26/2019,QZJRC1945204,517,67,912461674,70,200055211,3076620938,270224,389,135049021,62715,8738165,0
Hope,?,XXXTENTACION,3/16/2018,USUG11800447,519,67,1442703001,78,460915912,325870631,4,4,72855904,173136245,4703306,1
No Idea,No Idea,Don Toliver,5/29/2019,USAT21903300,529,66,922761340,74,469284408,5254571599,6060,48,6865074,64436371,4594225,0
Need A Favor,NEED A FAVOR,Jelly Roll,12/9/2022,QMRSZ2203220,533,66,166866092,73,49337131,133788711,484892,115,127959443,2007248,1174949,0
Wasted On You,Dangerous: The Double Album,Morgan Wallen,1/8/2021,USUG12004194,545,65,717226454,79,404363419,86145458,391795,273,431750490,14272948,2061209,0
BREAK MY SOUL,BREAK MY SOUL,Beyoncï¿,6/21/2022,USSM12206234,544,65,443564590,64,122345818,1231848412,436049,1089,24808925,4766826,2682867,0
Murder In My Mind,Murder In My Mind,Kordhell,1/21/2022,QM4TW2218315,547,65,668285368,74,135561359,2877613437,508,338,5328696,38200577,2597736,1
Hrs and Hrs,Public Displays of Affection,Muni Long,11/19/2021,QZAKB2136210,551,65,241632869,67,179211319,3549690741,211697,550,147650715,12316319,2325531,1
Way 2 Sexy (with Future & Young Thug),Certified Lover Boy,Drake,9/3/2021,USUG12104403,555,64,559759920,67,190901062,2410691959,3271,750,72871746,21747449,2092908,1
PUFFIN ON ZOOTIEZ,I NEVER LIKED YOU,Future,4/29/2022,USSM12203787,560,64,395167576,71,117364602,66661123,1129,135,14036841,36310823,1076988,1
Desire (with Sam Smith),Desire (with Sam Smith),Calvin Harris,7/28/2023,GBARL2300798,561,64,226519256,75,51312470,2439093,133567,35,3204383,4424240,2178835,0
Eastside (with Halsey & Khalid),Eastside (with Halsey & Khalid),benny blanco,7/12/2018,USUM71809132,571,63,1736530084,73,885823017,116720227,315236,198,438743234,32640916,8681998,0
VAGABUNDO,VAGABUNDO,Sebastian Yatra,5/12/2023,USUM72305982,578,63,337650898,75,226249916,505139679,66673,67,5524025,26325,1434689,0
On My Mama,On My Mama,Victoria Monï¿½,6/16/2023,USRC12204025,582,63,119798692,65,57621851,138101105,306628,382,17556177,2797592,1507722,1
Wishing Well,Legends Never Die,Juice WRLD,7/10/2020,USUG12001905,583,63,901486450,71,419337114,482804184,22361,23,58369856,64831833,1303125,1
Ta Ta Ta,Bayanni,Bayanni,8/24/2022,NGA3B2219002,586,62,85207310,62,59927668,1493815667,5714,8,826750,3124827,2121596,1
Breaking Me,Breaking Me (feat. A7S),Topic,12/19/2019,DEUM71906724,590,62,1128612961,69,473684535,602190373,402599,112,105347004,13322793,15373934,0
In The Stars,In The Stars,Benson Boone,4/29/2022,USWB12201574,597,61,725214939,74,204956968,2046007902,98191,47,10018684,6084222,3629083,0
Shirt,Shirt,SZA,10/28/2022,USRC12203632,598,61,469322271,73,77831118,419727783,278696,1150,52365635,5859226,1516065,1
Call Out My Name,"My Dear Melancholy,",The Weeknd,3/29/2018,USUG11800560,603,61,1780889877,79,1366385062,742902070,3403,4,173195736,16332502,8331752,0
Say Yes To Heaven,Say Yes To Heaven (sim0ne & Melo Nada Remix),Lana Del Rey,3/17/2023,GBUM72304301,620,61,513353284,80,91324061,152008937,30184,20,22345351,3794067,3754332,0
The Kind of Love We Make,The Kind of Love We Make,Luke Combs,6/17/2022,US6XF2200076,628,60,470340261,75,123212252,395041727,321811,106,175596345,697439,1452588,0
OMG,NewJeans 'OMG',NewJeans,1/2/2023,USA2P2251723,632,60,675591495,75,296668872,2441354214,13660,25,1244038,2311794,702234,0
In The Name Of Love,Pacha 2017,Martin Garrix,10/23/2015,NLM5S1600003,637,60,1452194416,75,1487688794,1030123230,25846,146,301519647,90192637,8395318,0
Drama,Drama - The 4th Mini Album,aespa,11/10/2023,KRA302300350,634,60,198043685,78,203832651,442468610,2805,7,306346,829911,261344,0
How Do I Say Goodbye,How Do I Say Goodbye,Dean Lewis,8/5/2022,AUUM72200172,639,59,459712644,69,116599191,749847975,206210,428,59479060,5160877,2330861,0
Faded,Faded,Alan Walker,12/4/2015,NOG841549010,653,59,1943842010,75,439888055,4682512450,107625,4,122793202,11403504,26821494,0
Afraid To Feel,Afraid To Feel,LF SYSTEM,5/2/2022,GBAHT2200492,656,59,355203657,74,46743730,1767047572,113950,369,69412,12813061,3424307,0
hot girl bummer,hot girl bummer,blackbear,8/23/2019,USUG11902959,658,59,1265080733,70,356598545,579006925,766,182,231292863,38828009,9785960,1
Heartbreak Anniversary,HEARTBREAK ANNIVERSARY,Giveon,2/21/2020,USSM12000998,665,59,1157206056,75,158131164,3272868374,209890,255,77600589,29746145,6963195,0
Surround Sound (feat. 21 Savage & Baby Tate),Surround Sound (feat. 21 Savage & Baby Tate),JID,1/14/2022,USUM72123571,667,58,548724288,79,91605414,813374956,1046,538,21017930,12373470,5341857,1
Natural,Natural,Imagine Dragons,7/17/2018,USUM71806694,674,58,1228556153,75,1220581919,396994100,157544,175,269729654,1145378,10463981,0
Y LLORO,$AD BOYZ 4 LIFE II,Junior H,10/5/2023,QZ9QQ2300724,685,58,363816146,80,189158687,114779266,843,32,5987571,211195,711146,1
Streets,Hot Pink,Doja Cat,11/7/2019,USRC11903460,686,58,1056939084,75,702463556,3347862526,3474,57,14397719,34660570,6716450,1
Peaches & Eggplants (feat. 21 Savage),Peaches & Eggplants (feat. 21 Savage),Young Nudy,2/27/2023,USRC12300570,689,58,157446814,64,120010894,142468312,95078,145,10357719,11578434,1447731,1
"Who Want Smoke?? (feat. G Herbo, Lil Durk & 21 Savage)","Who Want Smoke?? (feat. G Herbo, Lil Durk & 21 Savage)",Nardo Wick,10/8/2021,USRC12101071,691,58,248749251,61,318002064,142448123,6912,178,36588286,44234133,856723,1
Wish You The Best,Wish You The Best,Lewis Capaldi,4/14/2023,DEUM72206010,701,57,245513981,71,99697837,76397270,215278,97,28435231,1268766,2064588,0
White Horse,White Horse,Chris Stapleton,7/21/2023,USUG12300484,711,57,155443055,68,38442511,47123023,156870,13,62798148,897873,753888,0
Go Crazy,Slime & B,Young Thug,5/5/2020,USRC12001468,721,57,699336080,68,363333168,42692526,578728,13,242208093,2515804,5747453,1
No Guidance (feat. Drake),No Guidance (feat. Drake),Chris Brown,6/8/2019,USRC11901583,724,56,1030515485,70,809218963,451934036,215,7,403683186,3524264,8062187,1
Tell Ur Girlfriend,Tell Ur Girlfriend,Lay Bankz,2/7/2024,QZZ4J2400019,730,56,167431139,90,28987197,235871001,14654,416,579514,2893625,932674,1
Silence,Silence,Marshmello,8/11/2017,USRC11701901,741,56,1592440653,77,783959373,807230686,29628,218,334480164,73157570,8572710,0
Sign of the Times,Sign of the Times,Harry Styles,4/7/2017,USSM11703595,743,56,1532653504,76,1799935129,500970525,42284,38,68085051,1343224,18327076,0
the boy is mine,eternal sunshine,Ariana Grande,3/8/2024,USUM72317268,752,56,175336290,80,44458370,3842071,4569,18,1253330,873706,209987,1
Goodbyes (feat. Young Thug),Goodbyes (Feat. Young Thug),Post Malone,7/5/2019,USUM71912330,761,55,1263989128,72,795828166,78005488,117516,394,230614636,18209981,5216769,1
Location,Location,Khalid,5/24/2016,TCACO1662934,760,55,1369299352,71,815137609,77860109,50322,119,471086924,122419042,4283369,0
Perfect Night,Perfect Night,LE SSERAFIM,10/27/2023,USA2P2349660,763,55,279667395,78,93707680,1178951518,4596,79,493236,984170,435036,0
PAINTING PICTURES,5LBS OF PRESSURE,Superstar Pride,10/20/2022,QZNMX2257577,777,54,193109326,8,64413388,1526856459,40110,2704,7692981,23495613,2304354,1
THE DINER,HIT ME HARD AND SOFT,Billie Eilish,5/17/2024,USUM72401989,790,54,66101468,84,4252419,11200000,195,16,184455,685021,52008,0
Light Switch,Light Switch (Instrumental),Charlie Puth,1/19/2022,USAT22107359,782,54,593554969,67,284499511,4729678365,201936,866,55256200,2916780,2231820,0
On Me,On Me,Lil Baby,12/4/2020,USUG12004399,788,54,368017246,67,227182263,198936453,178634,372,141610948,53891709,1728476,1
Sum 2 Prove,Sum 2 Prove,Lil Baby,1/10/2020,USUG11902886,807,54,444934033,66,411628542,238372502,65318,37,124269386,68048035,1925871,1
Good Days,Good Days,SZA,12/25/2020,USRC12004189,806,54,1105805922,77,295872840,920329965,62354,266,71061814,8937770,2548829,1
I Feel It Coming,I Feel It Coming,The Weeknd,11/17/2016,USUG11601012,817,53,1749088490,72,1489647996,36437,130551,212,230834970,7851939,17963628,0
Agua (with J Balvin),"Agua (with J Balvin) [Music From ""Sponge On The Run"" Movie]",Tainy,7/9/2020,USUM72013642,822,53,391856304,58,1040938222,1423789944,23516,309,9507064,510422,1570803,0
TO THE MOON,TO THE MOON,JNR CHOI,11/5/2021,QZNWW2131527,834,53,274647899,60,64640927,7062611890,161374,2397,139439113,3308660,3786029,1
RUBICON,Gï¿½ï¿½N,Peso Pluma,6/22/2023,QM7282306229,844,52,246224964,73,147798315,278318607,1401,1,22544059,3883201,585523,1
Demons,Continued Silence - EP,Imagine Dragons,1/1/2012,USUM71201071,847,52,2270796677,80,1738647396,296361891,144439,465,1087793804,26345651,18161724,0
Spin Bout U,Her Loss,Drake,11/4/2022,USUG12208603,856,52,356685934,71,56086730,229937284,412,93,48943722,13209166,1574072,1
From The Start,From The Start - Single,Laufey,5/11/2023,QM6N22309399,855,52,368256958,73,69276606,772554264,8642,319,855743,5861183,1011059,0
Can't Feel My Face,Your Songs 2015,The Weeknd,3/2/2015,USUG11500741,851,52,1747534539,76,1689190795,264572676,158190,474,552312888,4197860,14056461,0
Sexy And I Know It,Sorry For Party Rocking (Japan Version),LMFAO,1/1/2011,USUM71108090,853,52,436722440,62,1193724016,927660445,5186,258,840489680,2154867,6761782,0
Yeah Glo!,Yeah Glo! (Alternate Versions),GloRilla,2/8/2024,USUM72400409,864,52,89513100,75,38613955,52800,20,1471,20163317,3187345,446156,1
Massive,"Honestly, Nevermind",Drake,6/17/2022,USUG12204890,873,51,253114498,65,42397563,887138394,67376,768,15938883,4254609,2091080,0
Adicto (with Anuel AA & Ozuna),Adicto (with Anuel AA & Ozuna),Tainy,8/22/2019,USUM71912751,871,51,711861577,69,1359220447,185706534,12356,18,111865989,5576102,1522049,0
Young Dumb & Broke,The RCA-List (Vol. 5),Khalid,1/1/2017,USRC11700144,881,51,1527159800,76,1270330281,216666194,31081,185,410189803,9133063,6513209,0
Essence (feat. Tems),Essence (feat. Tems),Wizkid,10/28/2020,USRC12003059,893,51,242254880,66,418190794,617402549,404288,561,59766393,15395153,4536227,0
Always Remember Us This Way,A Star Is Born Soundtrack,Lady Gaga,10/5/2018,USUM71813195,901,50,1269760706,76,824308720,573562180,66461,4,322220265,612635,9755956,0
Thought You Should Know,Thought You Should Know,Morgan Wallen,5/6/2022,USUG12202977,906,50,340227841,73,137384524,28018314,263301,32,215914717,4421163,857184,1
CAIRO,CAIRO,KAROL G,11/13/2022,USUM72220925,904,50,443093379,72,273852759,600184949,52189,125,24842372,1653982,1174788,1
Out thï¿½ï¿½,Lyfï¿,Yeat,9/9/2022,USUM72217063,907,50,338097605,73,54214841,117839587,63,37,1750477,26616347,664273,1
Se Acabï¿½ï¿½ la Cuaren,Viva el Perreo,Jowell & Randy,8/6/2020,QM6P42086452,915,50,73468394,51,73136867,2985601079,4391,73,12140646,1635079,1057655,1
Look Back At It,Look Back At It,A Boogie Wit da Hoodie,12/7/2018,USAT21812667,912,50,769061748,73,233288549,250645860,91002,329,164836824,95216986,6255853,1
Pure Cocaine,Street Gossip,Lil Baby,11/30/2018,USUG11802285,928,50,652559944,74,317320682,62837382,36,1,133082789,97169903,1456448,1
Pretty Little Poison,Pretty Little Poison - Single,Warren Zeiders,3/17/2023,USWB12300190,932,49,142512477,72,56277759,109014578,202432,7,71730881,3516110,549127,0
Softly,Making Memories,Karan Aujla,8/18/2023,CAW112300244,941,49,150073848,71,232389376,169068391,455,4,46920,2691081,270472,0
Tacones Rojos,Tacones Rojos,Sebastian Yatra,10/22/2021,USUM72119612,940,49,641756842,68,558812868,855230861,438,875,9553399,723371,2934783,0
Lonely At The Top,Work Of Art,Asake,6/15/2023,USUYG1490059,947,49,84655991,69,75076449,382487197,11861,89,779288,1367844,2361169,0
Symphony (feat. Zara Larsson),Symphony (feat. Zara Larsson),Clean Bandit,3/16/2017,GBAHS1700199,954,49,1456894713,71,1523128022,386013926,84752,17,76856978,18687841,9434537,0
Secreto,Secreto,Anuel AA,1/15/2019,USXDR1900020,957,49,759388276,65,1595484197,543804719,159,15,147935567,3064688,1317266,0
I Hate U,I Hate U - Single,SZA,12/3/2021,USRC12103605,956,49,456871037,66,142820854,1676387442,136784,1324,92133806,15212609,1854776,1
Piece Of Your Heart,Piece Of Your Heart,MEDUZA,2/1/2019,DEUM71807719,966,49,995452298,65,464369299,1282810923,171176,196,46973428,26135531,14464887,0
No Se Va,No Se Va (En Vivo) - EP,Grupo Frontera,4/28/2022,QZHN72212529,973,49,582023797,70,293059162,805988782,18750,222,84722896,192143,1946266,0
Your Love (9PM),Your Love (9PM),ATB,1/15/2021,DECE72003523,976,48,721002104,71,118729044,81735548,361427,220,24235804,5026745,7799522,0
HEAT STICK,HEAT STICK,Shoreline Mafia,5/10/2024,USAT22402903,979,48,20538101,74,3575151,108700,370,5,1637484,1415426,75399,1
Photograph,x (Wembley Edition),Ed Sheeran,1/1/2013,GBAHS1400094,980,48,2525355904,77,1884843329,4406781129,89818,80,450907868,35594470,17163765,0
Go Down Deh (feat. Shaggy and Sean Paul),Go Down Deh (feat. Shaggy and Sean Paul),Spice,4/30/2021,USVPR2100046,993,48,218431985,61,336505073,4731467896,20192,98,12362903,2388111,6024636,0
Lean Wit Me,Lean Wit Me,Juice WRLD,5/22/2018,USUG11800945,1001,47,880781313,72,432457883,33981823,835,113,59762272,120023575,934193,1
Panini,Panini,Lil Nas X,6/20/2019,USSM11903948,1003,47,741766886,62,659070547,493209730,46553,504,132924483,43940834,2409985,0
"Ay, DiOs Mï¿½ï","Ay, DiOs Mï¿½ï",KAROL G,7/10/2020,USUM72013593,1016,47,599215039,61,834762162,779241131,26349,168,54177152,2842552,1362793,0
After Hours,After Hours,Kehlani,4/4/2024,USAT22401034,1019,47,34629239,14,2560026,4592500,36465,7,4067131,603693,349619,1
Mmhmm,Mmhmm,BigXthaPlug,10/6/2023,QZNMX2391413,1020,47,155648648,82,27758776,7609548,23720,203,7238417,5358274,479173,1
Bad Memories (feat. Elley Duhï¿½ï¿½ & FAST ,Bad Memories (feat. Elley Duhï¿½ï¿½ & FAST ,MEDUZA,7/22/2022,GBUM72203666,1035,47,460973352,69,21938855,202563112,200995,171,4963625,2244208,3373945,0
ETA,NewJeans 2nd EP 'Get Up',NewJeans,7/21/2023,USA2P2330071,1038,47,234215735,74,189170317,297802502,2619,21,696801,1352255,248138,0
Be Alright,Be Alright,Dean Lewis,6/29/2018,AUUM71800255,1042,47,1749353402,72,244698483,379547638,153400,53,187475548,38670021,12744176,1
Jalebi Baby,Jalebi Baby,Tesher,11/13/2020,QZNWQ2070741,1041,47,164137928,58,569438267,8443743856,20053,26,1536646,3441396,6489242,0
Moth To A Flame (with The Weeknd),The Highlights (Deluxe),Swedish House Mafia,2/5/2021,USUG12105524,1056,46,861100951,74,95899960,184453448,245294,305,20927702,4485036,5566537,0
Feel the POP,You had me at HELLO,ZEROBASEONE,5/13/2024,KRA492400588,1060,46,8699917,58,31498812,329800,101,9,1443,17497,11352,0
Youï¿½ï¿½ï¿½re Mines Still (feat. ,Youï¿½ï¿½ï¿½re Mines Still (feat. ,Yung Bleu,10/15/2020,USWB12004394,1075,46,233139871,63,425539008,111422826,194040,57,155675259,25280506,523078,1
DILUVIO,PLAYA SATURNO,Rauw Alejandro,7/7/2023,USSD12300302,1078,46,310562790,79,113130284,372688472,8643,50,9966566,169769,841414,1
Nobody Gets Me,SOS,SZA,12/9/2022,USRC12204598,1091,45,561645790,82,79127644,220878489,61047,293,20725484,3758963,1208187,1
PUNTO G,Punto G,Quevedo,11/4/2022,BK4DA2202913,1096,45,600073400,71,171936153,450971538,15719,50,272917,97391,529802,0
Yes Indeed,Yes Indeed,Lil Baby,5/15/2018,USUM71806749,1112,45,1110994645,74,143629586,194904663,67860,186,425125110,54088502,3561319,1
Turn Down for What,Turn Down for What,DJ Snake,12/18/2013,USSM11308174,1116,45,547207250,65,1350062601,1943093911,23064,113,411609954,1150036,14799660,0
Run It Up (feat. Offset & Moneybagg Yo),Destined 2 Win,Lil Tjay,4/2/2021,USSM12101540,1127,44,392745531,67,96203913,137477748,1558,3,10758226,39475086,1432080,1
Lose You To Love Me,Lose You To Love Me,Selena Gomez,10/23/2019,USUM71918727,1123,44,1222228366,72,569150755,519924812,220765,169,191725976,959144,3669533,0
Worth It,Worth It,YK Osiris,2/8/2019,USUM71821752,1125,44,340112388,60,283340446,132694197,11151,32,171927306,103378626,1660493,0
Fight The Feeling,Fight The Feeling,Rod Wave,3/31/2023,USQX92301922,1128,44,86327319,51,65828097,137960911,100880,1989,34839558,12848106,567245,1
Green Green Grass,george ezra songs to play when the sun's out,George Ezra,3/22/2022,GBARL2200008,1133,44,300430813,69,103550086,3375488113,182474,46,1947849,2041978,2071865,0
Popular (with Playboi Carti & Madonna) - Music from the HBO Original Series,The Highlights (Deluxe),The Weeknd,2/5/2021,USUG12303876,1142,44,812954133,81,66369681,797041217,78013,7,2985202,8817729,6377668,1
adore u,adore u,Fred again..,8/11/2023,GBAHS2300908,1141,44,129427492,71,10933079,135983684,43488,3,801851,3403946,663446,0
Loco Contigo (feat. J. Balvin & Tyga),"Loco Contigo (with J. Balvin, feat. Tyga)",DJ Snake,6/13/2019,USUG11901580,1144,44,822696809,68,587804570,404031807,98937,124,131125635,10568592,6782620,0
Payphone,Overexposed Track By Track,Maroon 5,1/1/2012,USUM71203347,1153,44,1828026153,78,1051247406,397860038,83578,135,667632597,20102563,11327684,1
On My Love,On My Love (Sped Up),Zara Larsson,9/12/2023,USSM12306769,1159,44,128024416,7,14394570,8090936,129069,77,1333245,1668042,934544,0
SLOW DANCING IN THE DARK,SLOW DANCING IN THE DARK,Joji,9/12/2018,ZZOPM1800452,1167,43,1291244134,29,576756813,1853292133,1059,116,18782933,3484302,1785813,1
Religiously,Religiously,Bailey Zimmerman,3/17/2023,USWB12300537,1178,43,225556005,73,23904394,56949752,154327,117,92243007,2899190,594487,0
What Happened To Virgil (feat. Gunna),7220,Lil Durk,3/11/2022,USQX92200954,1179,43,144889291,59,98375891,515213856,131447,726,20715332,27110567,1047166,1
Gatita,Gatita,Bellakath,10/5/2022,QZPLR2286558,1184,43,218661601,57,173995566,2353588008,13477,600,4469095,38842,873692,0
Wolves,Wolves,Selena Gomez,10/25/2017,USUM71712103,1200,43,1358424406,71,930929767,253791542,104652,14,172588260,17138164,7290982,0
Scars To Your Beautiful,Know-It-All,Alessia Cara,11/13/2015,USUM71506811,1201,43,1422563654,71,710718042,736544909,171774,288,462206026,19565726,113684,0
Surface Pressure,Encanto (Original Motion Picture Soundtrack),Jessica Darrow,11/19/2021,USWD12112914,1204,43,318018082,65,580242930,1100134488,2041,155,49383663,2375505,466130,0
EARFQUAKE,IGOR,"Tyler, The Creator",5/17/2019,USQX91901111,1207,43,962546385,76,262134097,247993418,1834,1,10998403,47720548,1242490,1
My Oh My (feat. DaBaby),Romance,Camila Cabello,12/6/2019,USSM11914257,1218,42,703865912,68,344504691,2298790080,243345,170,136780685,16327957,3703911,0
Numb,Numb,Marshmello,6/10/2022,USRC12202117,1219,42,401066217,69,54641192,172191,196397,2585,68018763,1226486,2292241,0
ALL MINE,WASTELAND,Brent Faiyaz,7/8/2022,QM24S2203185,1232,42,315014005,71,77564375,366123920,101865,21,21452340,13608463,1112722,1
The Night We Met,The Night We Met,Lord Huron,2/9/2015,US53Q1200103,1226,42,2097181065,84,807672690,1722597041,11224,43,288302729,2601964,8832956,0
Playa Del Inglï¿½,Playa Del Inglï¿½ï¿½s - Si,Quevedo,12/15/2022,ES5152201707,1227,42,347558532,67,151166424,323188246,18093,9,503289,90739,687719,0
Talk,Talk,Yeat,9/2/2022,USUM72216448,1229,42,242057987,67,39581789,109453452,127,7,1216305,21272944,999699,1
Nonstop,Scorpion,Drake,6/29/2018,USCM51800191,1239,42,1118459427,71,409939539,2167216619,242,107,283709268,6347238,4021390,1
Go Stupid,Go Stupid,Polo G,2/14/2020,USQX92000261,1241,42,416388749,69,122253253,940333420,9098,125,18692714,80439766,1046790,1
Fantasias,Fantasias,Rauw Alejandro,8/29/2019,QM6P41989279,1253,42,663578551,67,1120507756,121300058,18961,53,53117205,7834351,1795507,0
Marea (Weï¿½ï¿½ï¿½ve Lost Da,Marea (Weï¿½ï¿½ï¿½ve Lost Da,Fred again..,2/22/2021,GBAHS2100041,1259,42,336943720,71,31888669,155341425,61528,27,1787403,6270623,5947514,0
Fall In Love,Fall In Love,Bailey Zimmerman,2/11/2022,USWB12200122,1262,42,262185115,71,121592933,149251921,187078,123,177097668,7478229,1389636,0
BOMBï¿½,LEGENDADDY,Daddy Yankee,3/25/2022,USUG12201723,1272,42,129335327,60,215778342,2692316483,15812,62,12393972,439602,914770,1
"One Of The Girls (with JENNIE, Lily Rose Depp)",The Highlights (Deluxe),The Weeknd,2/5/2021,USUG12303881,1269,42,939627795,87,371522364,265186570,26883,216,6907370,6332660,4254554,0
Get You The Moon (feat. Snï¿½ï,Get You The Moon (feat. Snï¿½ï,Kina,10/8/2018,USSM11808093,1270,42,1020435750,69,199282045,21650351404,2225,95,91698638,958439,7130025,0
Never Felt So Alone,Never Felt So Alone,Labrinth,4/7/2023,USSM12302165,1275,41,269669185,67,29035288,531883271,10042,444,5505845,3725738,1595888,0
Giving Me,Giving Me,Jazzy,3/10/2023,GBUM72206719,1284,41,150463218,67,57191900,275361521,55943,250,31188,8850596,1009861,0
What Do You Mean?,Full Circle: The Live Anthology,Justin Bieber,11/20/2011,USUM71511919,1282,41,1599742798,74,2719936771,155713369,83466,246,383946248,346764,6038700,0
TV,Guitar Songs,Billie Eilish,7/21/2022,USUM72213724,1285,41,572602278,76,115201405,104843270,5214,33,4031121,7208492,1521109,0
Tiroteo - Remix,Tiroteo (Remix),Marc Seguï¿,4/1/2021,USWL12100143,1288,41,654941874,75,556407060,187609192,26498,15,335231,457443,2646335,0
Karma,Midnights,Taylor Swift,10/21/2022,USUG12205717,1297,41,777305444,75,97902815,937766809,31306,405,59480642,187009,1124725,1
The Painter,The Painter - Single,Cody Johnson,8/11/2023,QMCQK1900300,1298,41,107754524,66,11577220,53554260,137184,6,43933514,670877,332849,0
X (feat. Future),Savage Mode,21 Savage,7/15/2016,QZ45A1600041,1302,41,581220786,65,365678540,98210,1992,17,267465925,159665164,1739069,1
Passionfruit,More Life,Drake,3/18/2017,USCM51700072,1309,41,1625307365,77,410329826,907498533,26825,51,176739390,7711539,5160420,0
I Donï¿½ï¿½ï¿½t Wanna Live Forever (Fifty Shades D,I Donï¿½ï¿½ï¿½t Wanna Live Forever (Fifty Shades D,ZAYN,12/9/2016,USQ4E1602586,1312,41,1662288901,75,1049659880,6028763,33652,22,305499151,1739764,11706559,0
SUBEME LA RADIO (feat. Descemer Bueno & Zion & Lennox),SUBEME LA RADIO,Enrique Iglesias,2/24/2017,USRC11700058,1313,41,706158416,65,1601099483,233419445,67073,69,107237615,446194,7039145,0
Soak City (Do it),Soak City (Do it),310babii,6/3/2023,QZK6G2375527,1310,41,128855739,65,17779741,1598512701,1318,1893,12625658,6657861,2066168,1
On BS,Her Loss,Drake,11/4/2022,USUG12208600,1333,40,253540951,67,22665894,494336128,1,25,13857732,9123989,508529,1
Love Again,Love Again,The Kid LAROI,1/27/2023,USSM12211461,1342,40,215466975,62,28993149,65897455,140425,1410,18081156,4201807,982555,0
Cowgirls (feat. ERNEST),One Thing At A Time,Morgan Wallen,3/3/2023,USUG12300827,1371,40,266560481,81,40534712,103569548,31216,24,82896740,4342886,357979,0
'Til You Can't,'Til You Canï¿½ï¿½ï¿½t / Longer Than S,Cody Johnson,6/11/2021,QMCQK1900137,1364,40,258769609,68,145224400,116117655,332754,146,177004719,5157422,1449353,0
Me or Sum (feat. Future & Lil Baby),Me or Sum (feat. Future & Lil Baby) - Single,Nardo Wick,11/29/2021,USRC12103471,1374,40,169074195,59,121560768,214484764,68575,96,44007637,24502125,1161965,1
You're Welcome,Moana (Original Motion Picture Soundtrack/Deluxe Edition),Dwayne Johnson,11/18/2016,USWD11677860,1372,40,551115166,66,1771543816,392249223,1063,343,225519413,185473,884422,0
Royals,The Love Club EP,Lorde,1/1/2012,NZUM71200031,1386,39,1232502989,73,349747981,198680803,202396,356,969328430,1047111,16239587,0
Charm,Charm (Sped Up),Rema,4/26/2023,NGA3B2314006,1387,39,111124873,65,103077029,291086000,9139,34,638711,2455903,2072597,1
No Lie,Dua Lipa (Complete Edition),Sean Paul,1/1/2015,GBUM71604557,1384,39,1162659862,76,1613180283,1580838186,43960,15,20537955,987933,13852674,0
Cooped Up (with Roddy Ricch),Cooped Up,Post Malone,5/12/2022,USUM72208020,1401,39,327011836,62,116596146,258017332,117371,718,18866959,4082380,1443587,1
3:15 (Breathe),3:15 (Breathe),Russ,5/21/2021,TCAFO2147109,1406,39,303510160,72,153123397,2457741991,895,24,6227767,8179979,1253652,1
Like That (feat. Gucci Mane),Hot Pink,Doja Cat,11/7/2019,USRC11902288,1405,39,510302007,66,459871445,1918118365,225,89,62486526,16479480,3413408,1
Control,Control,Zoe Wees,3/13/2020,GB2DY2000093,1407,39,457848626,66,246089222,1783816089,180385,24,62974334,7465200,6554675,0
Die For You,SMITHEREENS,Joji,11/4/2022,USWB12203732,1412,39,363300065,71,77291326,352701529,20078,30,2553943,2916758,601440,0
SC-9,SC-9,Yahir Saldivar,2/1/2024,QZDA52413180,1415,39,63296147,64,57626164,19883744,7,31,2824792,24008,472289,1
Home,Home,Edith Whiskers,10/16/2020,GBVHN2000009,1441,38,382143321,65,97046738,12626614888,116,176,1117990,6306655,3370245,0
The London (feat. J. Cole & Travis Scott),The London (feat. J. Cole & Travis Scott),Young Thug,5/23/2019,USAT21903320,1438,38,729825680,62,286183927,63035109,65842,101,63014064,40918654,2792929,1
Please Me,Please Me,Cardi B,2/15/2019,USAT21811659,1449,38,551035247,70,709288321,244717002,51761,33,191472793,25841765,2677590,1
See You Again (feat. Kali Uchis),Flower Boy,"Tyler, The Creator",7/21/2017,USQX91701275,1456,38,1610423351,84,345975070,832654007,5055,180,13113654,3586900,3197618,1
Amanece,Amanece,Anuel AA,12/14/2018,USDXS1806044,1457,38,784096553,77,979304024,98951834,7211,26,100876561,17640877,1503816,0
Die Young (feat. 347aidan),Die Young (feat. 347aidan),Sleepy Hallow,5/25/2022,USRC12201686,1464,38,245406516,60,53569545,85005540,4801,80,2858516,22301254,358116,1
Can't Tame Her,Can't Tame Her,Zara Larsson,1/26/2023,USSM12210918,1473,38,159051363,62,36559555,214685378,181938,140,482317,579551,1293372,0
If the World Was Ending - feat. Julia Michaels,If the World Was Ending (feat. Julia Michaels),JP Saxe,10/17/2019,USQX91902708,1483,38,1145402792,69,96493850,947802755,131938,290,92421060,20375650,3815615,0
Heartless,Heartless,The Weeknd,11/27/2019,USUG11904007,1486,38,975754682,73,222977264,210080661,105042,155,108935183,19179795,2433408,1
we fell in love in october,we fell in love in october / October Passed Me By,girl in red,1/1/2018,GBKPL1828677,1490,38,1034272727,77,235190444,2226783393,1675,51,10135078,30020995,2050181,0
Where Did You Go? (feat. MNEK),Where Did You Go?,Jax Jones,1/26/2022,GBUM72108841,1488,38,389547230,70,50898391,124607839,268879,255,1397531,4459699,3930598,0
Sex Sounds,True 2 Myself,Lil Tjay,10/11/2019,USSM11909049,1495,37,413974601,69,157947172,438050984,159,2,15614924,52862267,2444154,1
Asiwaju,Asiwaju,Ruger,11/14/2022,GBARL2202349,1498,37,108133711,18,122293855,173486714,6133,22,1287462,2821424,2409680,1
Sticky,"Honestly, Nevermind",Drake,6/17/2022,USUG12204888,1492,37,253177498,66,79370407,612598555,2011,826,28529396,8402779,1006549,1
Centuries,Centuries,Fall Out Boy,9/9/2014,USUM71412644,1501,37,1184571362,75,829829470,254037168,54050,205,613556624,9188607,5556481,0
SkeeYee,Hood Hottest Princess,Sexyy Red,6/9/2023,QZQAY2395569,1510,37,96289114,67,33861736,1094402576,6030,884,5800021,5779008,614711,1
Beautiful Crazy,Beautiful Crazy,Luke Combs,5/4/2018,US6XF1700259,1511,37,828103564,77,594679967,122040522,32,33,494840019,1653812,1837804,0
Body Like A Back Road,Body Like A Back Road,Sam Hunt,2/1/2017,USUM71700575,1520,37,874864898,66,340287969,12493072,183258,444,637093831,20463147,3691205,0
Best Part (feat. H.E.R.),Freudian,Daniel Caesar,8/25/2017,CADDS1700022,1516,37,1362614026,79,198079219,854742783,30988,112,184904047,40539247,4584343,0
Worth It,Reflection (Japan Deluxe Edition),Fifth Harmony,1/1/2014,USSM11406644,1517,37,815946405,67,2318717784,1277991912,38592,223,100051664,607315,15861007,0
Dial Drunk (with Post Malone),Dial Drunk (with Post Malone),Noah Kahan,7/18/2023,USUM72308676,1533,37,276026602,79,2065849,62794,14487,69,33078159,1242129,843154,1
Piscina,Piscina,Maria Becerra,11/8/2023,USWL12302932,1532,37,81319633,6,112905667,177288152,19380,5,663889,68719,271450,1
this is what falling in love feels like,this is what falling in love feels like (Ramengvrl Remix),JVKE,9/3/2021,GBKPL2163189,1531,37,477620800,72,149501582,2841508008,12776,805,4569371,6854257,2230806,0
Firework,Teenage Dream,Katy Perry,1/1/2010,USCA21001262,1534,37,1065375074,67,1634743568,686049802,238231,273,417594591,1020201,8932134,0
wait in the truck (feat. Lainey Wilson),wait in the truck - Single,HARDY,8/26/2022,QZ22S2200068,1537,37,127223430,63,91145868,39170264,177709,9,125290585,1259302,796363,0
No Es por Acï¿,No Es por Acï¿½ï¿½ - Si,Carin Leon,7/8/2022,QZQMB2102485,1543,37,331775657,51,385663277,45584468,6628,115,72090563,546389,637447,0
Hey Driver (feat. The War and Treaty),Hey Driver (feat. The War and Treaty),Zach Bryan,8/24/2023,USWB12304897,1552,37,221575551,78,18831939,55929921,960,1,12919853,2848684,218001,0
Free Mind,For Broken Ears,Tems,9/25/2020,QMBZ92014864,1559,37,155772691,67,148979688,793660172,441814,145,39057776,15104791,3346952,0
Savage,Suga,Megan Thee Stallion,3/6/2020,QMCE32000097,1563,37,427275743,61,340951703,419613742,50845,1050,126279703,19377948,2056307,1
You Should Probably Leave,Starting Over,Chris Stapleton,11/13/2020,USUM72013814,1566,37,427605317,77,116140773,85185999,183702,80,449942471,1968009,1075951,0
Need It (feat. YoungBoy Never Broke Again),Need It,Migos,5/22/2020,USUG12000098,1569,37,328017675,67,160730418,74601136,83,17,62111222,44726778,1285243,1
Jealous,Jealous,Eyedress,12/6/2019,GBMYF1900115,1615,36,789418331,78,100552408,1315165820,113,54,5315308,23644359,2230596,0
UN DIA (ONE DAY) (Feat. Tainy),UN DIA (ONE DAY) (Feat. Tainy),J Balvin,7/24/2020,QZM5U2000001,1629,36,828608384,64,459178965,54201520,75061,2,54579742,618654,3931607,0
Fancy,The New Classic,Iggy Azalea,1/1/2014,GBUM71400597,1630,36,724486951,61,1253153682,155148335,21741,250,543498775,2020118,8228542,1
Apocalypse,Apocalypse,Cigarettes After Sex,3/21/2017,USBQU1700034,1628,36,1305189811,82,237610293,435331773,5105,53,20133868,30727101,4881850,1
Next Thing You Know,Next Thing You Know,Jordan Davis,8/12/2022,USUM72213874,1642,36,233212999,71,8294089,228973807,234707,332,128659083,1283569,608764,0
Golden,Fine Line,Harry Styles,12/13/2019,USSM11912586,1645,36,912294568,70,332759355,1255165488,225952,186,24011150,348587,2324716,0
Coal,Coal,Dylan Gossett,7/27/2023,QZNWU2332981,1661,35,170200281,2,17596251,55041835,3374,18,11270619,2194550,184546,0
Moonwalking in Calabasas (feat. Blueface) - Remix,Moonwalking in Calabasas Remix,DDG,8/20/2020,CA5KR2079526,1657,35,337709342,61,163572008,14079058,9995,3,10796822,38087760,263734,1
Deli,Like..? Deluxe (Apple Music Edition),Ice Spice,1/20/2023,USUG12306323,1659,35,190497384,70,83093258,1315525703,19087,2669,7256474,6488250,726899,1
God's Country,God's Country,Blake Shelton,3/29/2019,USWB11900819,1665,35,367775924,62,312724268,1035596168,145950,154,299540949,10943693,1661118,0
Soy Peor,Soy Peor,Bad Bunny,12/8/2016,QZS1Z1649083,1672,35,507652985,67,1585447114,85135882,3219,23,98328270,24158109,1776984,1
GREECE (feat. Drake),GREECE (feat. Drake),DJ Khaled,7/16/2020,USSM12004502,1676,35,544564903,63,96900581,482158138,5446,6,76789833,16724190,2427675,1
Bel Mercy,Bel Mercy,Jengi,12/2/2022,GBAYE2202575,1681,35,137020536,64,5945884,279149939,15563,674,126759,5348869,2815666,0
Dial Drunk,Stick Season (We'll All Be Here Forever),Noah Kahan,6/9/2023,USUM72307683,1690,35,157881582,67,18883499,46583057,121783,14,9363624,2463731,228752,1
Rodeo (Remix),Rodeo (Remix) - Single,Lah Pat,2/24/2023,USAT22301387,1695,35,160163510,72,104715948,32904652,31402,26,10266156,5540544,2351135,1
I Hope,I Hope,Gabby Barrett,1/25/2019,TCAEB1919657,1714,35,399778802,66,271330319,109246978,515961,174,310282103,6928677,4051237,0
Bite Me,DARK BLOOD,ENHYPEN,5/22/2023,USA2P2319853,1713,35,263851286,73,161653032,483823339,2228,28,997675,1403690,434604,0
Everything I Love,3 Songs At A Time Sampler,Morgan Wallen,1/31/2023,USUG12300803,1722,35,173756454,68,16950068,233214006,135232,32,32268708,2372605,459770,0
GOOD LOYAL THOTS,GOOD LOYAL THOTS,Odetari,3/15/2023,QZES92330937,1734,35,222975417,71,45543286,664995622,1,20,1396913,321968,606670,1
double take,double take,Dhruv,5/24/2019,GBMJG1911043,1737,35,826685494,76,353174602,4653743727,13341,9,433712,10994470,1873276,0
5 Foot 9,5 Foot 9,Tyler Hubbard,5/20/2022,USUM72206482,1742,34,193680404,65,893876,161738459,283251,155,88808802,5072427,670234,0
What My World Spins Around,What My World Spins Around,Jordan Davis,5/27/2022,USUM72208440,1769,34,225128269,71,6417626,33305600,309999,138,126764513,1153317,820952,0
Animals,Full Circle: The Live Anthology,Maroon 5,11/20/2011,USUM71409576,1772,34,1365755853,74,1285233400,694003171,74610,98,542517832,11268399,8434236,0
DNA (Loving You) [feat. Hannah Boleyn],DNA (Loving You) [feat. Hannah Boleyn] - Single,Billy Gillies,7/28/2023,USAT22307379,1792,34,71722674,68,25459927,18182823,55349,94,7167,7973941,952963,0
Static,Gemini Rights,Steve Lacy,7/15/2022,USRC12202285,1786,34,304386086,72,18632784,1303631045,2174,372,1716467,10581141,651001,1
In the End,Hybrid Theory (Bonus Track Version),Linkin Park,10/24/2000,USWB10002407,1803,34,2045512421,82,2375021286,729532806,186149,357,832288547,29420155,26145,0
Caramelo,Caramelo,Ozuna,6/11/2020,USXDR2000567,1795,34,508151972,56,585332283,387733644,10140,64,29787813,5879892,1234460,0
Ho Hey,The Lumineers,The Lumineers,1/1/2012,USDMG1260805,1818,34,1273869800,76,370952126,172101115,242121,353,815332673,13370304,17971225,0
Pain,Pain,PinkPantheress,2/5/2021,QZFZ52145391,1819,34,595213841,77,47759635,640679729,1073,145,2317940,20459627,719198,1
Arms Around You (feat. Maluma & Swae Lee),Arms Around You (feat. Maluma & Swae Lee),XXXTENTACION,10/25/2018,USWB11802264,1815,34,587673746,65,490164687,15353974,30031,9,38836032,51950035,3904200,1
Finesse,Finesse,Pheelz,3/3/2022,QZQAY2239272,1830,34,162356099,62,27222424,1145039714,70941,515,11491383,4604430,4200295,0
Bad Blood,1989 (Deluxe),Taylor Swift,1/1/2014,USCJY1431369,1834,34,602316735,67,1643019828,998836191,12331,117,442671630,387051,3046517,0
Man Made A Bar (feat. Eric Church),One Thing At A Time,Morgan Wallen,3/3/2023,USUG12300804,1824,34,175095439,75,61848993,21618436,109675,21,44998795,1864234,268281,0
Timber (feat. Ke$ha),Greatest Hits,Pitbull,1/1/2009,USRC11301695,1850,33,1477150302,79,1751763286,1166623514,98296,348,56047915,45784258,13339874,0
Whistle,Whistle (feat. Calum Scott),Jax Jones,2/10/2023,GBUM72202305,1859,33,150399875,68,31790864,59124615,179831,93,1523762,1747201,1848814,0
Before You Leave Me,Before You Leave Me,Alex Warren,2/16/2024,USAT22314248,1854,33,99946842,78,4417747,2306041,10826,58,2870114,1285921,310024,0
ICU,ICU,Coco Jones,10/21/2022,USUM72216687,1881,33,52106559,61,70625059,81185287,173142,104,52357286,4473646,1514755,0
When It Comes To You,When It Comes To You,Fridayy,7/21/2023,USUM72309787,1884,33,36398813,62,51105810,30427598,65182,77,37401204,3499801,1019440,0
Light It Up (feat. Nyla & Fuse ODG) [Remix],Peace Is The Mission,Major Lazer,5/29/2015,QMUY41500182,1907,33,1293191157,72,606547382,19401692,54267,448,115098360,70181589,10975728,0
Did It Again,Did It Again,Lil Tecca,7/24/2019,USUG11902664,1923,33,440181206,69,109575448,7112170,148,67,22198717,78581878,391268,1
Latch,Settle,Disclosure,1/1/2013,GBUM71302810,1933,32,1017438306,71,569083040,568058521,25714,239,346547845,43896113,15182802,0
How Do You Sleep?,How Do You Sleep?,Sam Smith,7/19/2019,GBUM71902381,1931,32,972593978,62,489662988,36540464,125065,67,114575260,842361,5795814,0
ceilings,five seconds flat,Lizzy McAlpine,4/8/2022,GBKPL2280163,1944,32,540382129,76,33922247,2631370364,24819,558,5849073,3195140,1224138,0
Shut up My Moms Calling,Shut up My Moms Calling - Single,Hotel Ugly,2/10/2020,TCAEQ2083509,1983,32,864865822,82,119059085,1722108635,1966,593,1293279,5129020,1727338,0
Hell N Back,Hell N Back (Sped Up),Bakar,8/14/2019,GBARL1900848,1975,32,512194074,71,31571952,1524936587,103595,183,7113666,10609400,2988493,1
Stand By Me (feat. Morgan Wallen),Almost Healed,Lil Durk,5/26/2023,USQX92303185,1978,32,132870060,69,27715495,62570724,7685,50,60540256,3089208,393651,1
Shotgun,Staying at Tamara's,George Ezra,3/23/2018,GBARL1701372,1980,32,930662973,71,473069489,114370699,141179,179,84992691,1225367,7331922,0
Goosebumps,Goosebumps,HVME,6/12/2020,TCAEW2040509,1999,32,495274429,63,78671735,354473655,80857,178,143877755,6654386,2916022,1
One More Night,Overexposed Track By Track,Maroon 5,1/1/2012,USUM71203514,1989,32,885944426,73,1106757714,469737119,102020,188,688852104,11366528,10178659,0
We Can't Stop,NOW: The Hits Of Summer 2014,Miley Cyrus,1/1/2013,USRC11300686,2003,32,970858824,71,1310779877,343153571,18341,72,280783593,906974,6946040,0
Buy Dirt,Buy Dirt,Jordan Davis,5/21/2021,USUM72104058,2007,32,457254811,77,26485095,280557815,207859,229,180003324,4893721,958724,0
Higher Power,Higher Power,Coldplay,5/7/2021,GBAYE2100379,2016,32,349603788,63,137534459,343629235,340644,85,9120013,116882,2591262,0
The Perfect Girl,The Perfect Girl,Mareux,10/13/2019,QZF8N1986577,2018,32,402007889,72,275482156,2141282045,142,1,3790292,27342703,2706263,0
I LOVE YOU HOE (w/ 9lives),3x3,Odetari,7/12/2023,QZVFR2301453,2028,32,160320384,64,27712131,2200000,4,26,439911,6353499,394365,1
Estï¿½ï¿½ Daï,Alma Vacï¿½,Ivan Cornejo,8/20/2021,QZMFV2000188,2037,31,263986575,67,138793735,1575405115,15,2,16443108,22737141,1413328,0
Take Her Home,Take Her Home - Single,Kenny Chesney,11/10/2023,USWB12306453,2048,31,10292715,9,2441458,725724,125960,87,12247793,29623,139624,0
Falling,Fine Line,Harry Styles,12/13/2019,USSM11912590,2050,31,1225776509,75,308365869,188148281,32921,60,16990124,308,1958247,0
Sip (Alcohol),Alcohol - Single,Joeboy,9/24/2021,QZS7J2197906,2063,31,115647691,58,215744090,388440929,7052,225,10402185,6563252,4087365,0
Get You (feat. Kali Uchis),Get You - Single,Daniel Caesar,10/21/2016,TCACR1690004,2056,31,1024198691,76,251585070,101238385,15813,138,113844720,58680550,4056356,0
Body,Body,Loud Luxury,10/27/2017,NLF711710457,2059,31,1187784950,74,295487246,130962355,119849,410,94181226,19604813,9782303,0
One Thing At A Time,One Thing At A Time (Sampler),Morgan Wallen,12/2/2022,USUG12209213,2057,31,249576970,70,39198931,37058831,101754,46,59261739,2193718,410037,0
911,911,Sech,2/5/2021,QM9WM2000134,2058,31,352258962,55,415445675,425874947,26965,92,13388831,4291370,943449,1
You Make It Easy,You Make It Easy,Jason Aldean,1/26/2018,QMRSZ1703136,2066,31,461456306,5,149557856,48036714,65951,25,619306368,12335891,1717815,0
No Type,No Type,Rae Sremmurd,9/16/2014,USUM71413477,2072,31,584277301,64,902705161,510652592,18018,6,393317411,753607,4334574,1
Sand In My Boots,Dangerous: The Double Album,Morgan Wallen,1/8/2021,USUG12004193,2078,31,379462137,72,144996999,137402135,192139,89,161701201,7058460,886799,0
Overseas,Overseas,D-Block Europe,11/18/2021,GB2DY2100828,2086,31,216354398,64,92356896,148927892,5281,10,38951,12328599,1065136,1
Jï¿½ï¿½lale,Jï¿½ï¿½lale,Bb trickz,5/2/2024,ES5022400953,2102,31,23649304,73,18261218,1395100,3,85,15096,6827,114774,0
A Puro Dolor,A Puro Dolor - Single,Gabito Ballesteros,12/2/2023,USA2P2355925,2098,31,145332157,80,79026835,670588,701,7,738838,215913,233530,0
All I Want for Christmas Is You,Merry Christmas,Mariah Carey,1/1/1994,USSM19400325,2097,31,1810649765,60,824500156,15963128797,131873,139,304497253,1273462,6531412,0
Wind Up Missin' You,Wind Up Missin' You - Single,Tucker Wetmore,3/29/2024,QM24S2401097,2116,31,58496778,74,6718753,50112477,2759,10,2000917,541224,233617,1
You Need To Calm Down,You Need To Calm Down,Taylor Swift,6/14/2019,USUG11901470,2113,31,935098853,75,437794062,255624404,70122,379,181933830,532187,2751022,0
Soweto,Outlaw,Victony,5/6/2022,QZAKB2164097,2123,31,133353888,69,152140804,614798320,16437,17,3943214,2123162,3191942,1
Poland,Poland - Single,Lil Yachty,10/4/2022,USUG12207318,2131,31,142817891,58,9564773,134444259,155,1846,2712267,18200046,194400,1
REACT,REACT,Switch Disco,1/13/2023,GBARL2202525,2138,31,137897920,69,61438933,33714095,122035,7,23180,2184490,1621052,0
MANIAC,ODDINARY,Stray Kids,3/18/2022,US5TA2200027,2163,30,293724552,68,343273995,866409009,2041,255,2234511,2091055,591662,0
ADIï¿½,LA NENA DE ARGENTINA,Maria Becerra,12/8/2022,USAT22221820,2157,30,172082938,66,215719591,874751736,11867,456,196984,67782,308507,1
Something About You,Something About You,Eyedress,6/3/2021,GBMYF2000174,2162,30,438511316,77,27188286,434155492,422,37,1559941,18538652,1611142,0
idontwannabeyouanymore,dont smile at me,Billie Eilish,7/21/2017,USUM71707712,2166,30,1091185920,72,522422864,372214292,1112,22,83358098,37950780,2223597,0
Call Me Every Day (feat. WizKid),Call Me Every Day (feat. WizKid),Chris Brown,6/17/2022,USRC12201904,2174,30,125056212,61,123551829,58980168,80954,271,25014026,3759210,1524739,0
World's Smallest Violin,OK ORCHESTRA,AJR,1/1/2021,QMRSZ2003324,2165,30,343227483,63,239480315,6292383402,38402,554,8090551,4172343,2936528,1
In Case You Didn't Know,Brett Young EP,Brett Young,1/1/2016,QM3E21606006,2198,30,560774282,68,861165099,216533242,80904,36,489345110,2365008,3920740,0
"Arcï¿½ï¿½ngel: Bzrp Music Sessions, Vol","Arcï¿½ï¿½ngel: Bzrp Music Sessions, Vol. 54 - Si",Bizarrap,3/22/2023,UYB282301033,2191,30,146680564,62,154916805,1816865,8273,14,904756,590512,199628,0
It Ain't Me (with Selena Gomez),It Ain't Me (with Selena Gomez),Kygo,2/16/2017,SEBGA1700015,2205,30,1430439855,71,308045364,81779367,91638,217,252544876,1855783,13603866,0
I CAN'T STOP ME,Eyes Wide Open,TWICE,10/26/2020,US5TA2000134,2200,30,384886220,65,681682229,666762692,2821,9,2318090,2087158,643653,0
Turn On The Lights again.. (feat. Future),USB,Fred again..,1/17/2022,GBAHS2201001,2214,30,190872805,61,4804721,435794732,18922,1,520655,6101751,1617989,0
Rather Be (feat. Jess Glynne),I Cry When I Laugh,Clean Bandit,1/1/2013,GBAHS1300498,2236,30,1327093253,70,875568512,1196196511,121439,214,62386418,2123648,25620314,0
Clout (feat. Cardi B),FATHER OF 4,Offset,2/22/2019,USUG11802308,2231,30,306221125,58,635706453,90607937,15637,102,76691389,25647174,2066390,1
One Last Time,My Everything,Ariana Grande,8/21/2014,USUM71409723,2243,30,1465918510,77,1101895606,285511671,83891,118,263174203,11323498,5273745,0
When It Rains It Pours,This One's for You,Luke Combs,6/2/2017,QZ4751600015,2258,30,807802864,78,576510087,42065642,118955,49,327355246,1542691,1719362,0
Roses,Roses,The Chainsmokers,6/16/2015,USQX91500801,2270,30,1046848265,68,585020723,405625969,30641,87,294611058,26571481,9203307,0
Hotel,Hotel,Montell Fish,9/16/2022,QZVBE2200009,2291,29,296674882,74,38522238,366838888,1045,11,2352924,5655239,924914,0
By Your Side,By Your Side,Rod Wave,11/22/2021,USQX92105590,2303,29,164804108,60,111437165,50358850,27123,168,25392031,25401080,569269,1
Teeth,Teeth,5 Seconds of Summer,8/21/2019,USUG11902528,2315,29,683247723,71,322965834,561046941,27799,74,56491309,6558783,3637003,0
I Took A Pill In Ibiza,The Truth,Mike Posner,6/22/2015,USUM71503636,2316,29,83366020,49,2000837797,29251104,6558,423,4297588,1709698,560533,1
Let It Go,Let It Go,James Bay,1/1/2014,USUM71405265,2338,29,1197774081,65,580076338,112554627,43670,107,472029142,37231576,9218458,0
Where It Ends,Where It Ends,Bailey Zimmerman,8/19/2022,USWB12202445,2343,29,178441881,75,24354425,161742703,123672,36,50809758,3063287,456834,0
City Boys,Workout Rap 2024,Burna Boy,2/23/2022,USAT22307528,2342,29,152289860,69,79913960,546510983,32815,198,5325630,4253187,1398310,1
Face Off,Face Off,Tech N9ne,10/7/2021,USZHR2100088,2347,29,194908788,59,140886656,5338367302,1236,121,11414784,3118191,1640152,1
Te Robarï¿,Te Robarï¿,Nicky Jam,3/22/2019,USSD11900072,2366,29,547483874,61,768753162,5221834,9233,55,130897920,1690083,2115863,0
Dandelions,Dandelions,Ruth B.,4/28/2017,USSM11703468,2383,29,1561518107,82,96339252,7603775552,16685,119,18672545,541064,4364553,0
I Love You So,I Love You So,The Walters,11/28/2014,TCACC1438995,2394,29,1410353130,83,417265571,3241952947,43972,652,10212607,25431145,3007369,0
i love you,"WHEN WE ALL FALL ASLEEP, WHERE DO WE GO?",Billie Eilish,3/29/2019,USUM71900773,2390,29,930343185,75,280579630,724117161,621,1,38736042,3706611,2035027,0
Call Your Friends,Call Your Friends - Single,Rod Wave,8/18/2023,USQX92304741,2395,29,47296342,46,33439568,37869926,1223,16,14954542,9036620,208435,1
Dirt Cheap,Leather,Cody Johnson,11/3/2023,QMCQK1900317,2387,29,44047842,11,11326093,8486978,43529,4,15957709,620808,252283,0
No Time To Die,No Time To Die,Billie Eilish,2/13/2020,USUM72002771,2388,29,610838644,70,369182880,69072143,26205,7,18824576,7873761,3110101,0
Little Dark Age,Little Dark Age,MGMT,10/17/2017,USSM11707035,2415,29,641453269,72,409991163,2500579993,3168,15,3927900,1330759,5504564,0
Rich Spirit,Mr. Morale & The Big Steppers,Kendrick Lamar,5/13/2022,USUM72208971,2437,28,254191262,71,66231224,33984850,3925,35,12592517,6055815,555350,1
Dynamite,Rokstarr (Special Edition),Taio Cruz,1/1/2010,GBUM71003721,2439,28,1070923216,69,576914505,185228504,163744,210,585431213,1472657,8023558,0
Here,Here,Alessia Cara,4/30/2015,USUM71506251,2441,28,616445374,65,656387408,166158568,31457,81,436811272,15694109,7438678,0
Am I Wrong,More Music 2013,Nico & Vinz,1/1/2013,USWB11304681,2440,28,965827790,71,243060460,930985864,31268,159,598857243,33851324,19231875,0
Tennessee Orange,Tennessee Orange,Megan Moroney,9/2/2022,TCAGJ2289254,2424,28,227893586,73,30913276,117505652,129172,34,56972562,1336043,708143,0
Tennessee Orange,Tennessee Orange,Megan Moroney,9/2/2022,TCAGJ2289254,2424,28,227893586,73,30913276,117505652,129172,34,56972562,1336043,708143,0
Still Trappin' (with King Von),The Voice,Lil Durk,12/24/2020,USUM72024651,2448,28,176140377,61,90527434,12014523,10226,36,27955730,35096727,494233,1
Dawns (feat. Maggie Rogers),Dawns (feat. Maggie Rogers) - Single,Zach Bryan,1/27/2023,USWB12300176,2461,28,261468916,75,8880434,127691196,320,4,13386628,4161850,481576,1
Wagon Wheel,True Believers,Darius Rucker,1/1/2013,USCN11200248,2477,28,727417273,73,563826762,101847028,128432,126,575560582,1206091,3566957,0
Is There Someone Else?,The Highlights (Deluxe),The Weeknd,2/5/2021,USUG12106692,2485,28,669099980,76,213028772,101980300,4608,90,4076339,5014133,1352593,0
Location (feat. Burna Boy),PSYCHODRAMA,Dave,3/8/2019,GBUM71900578,2490,28,540907681,70,281620086,65403430,7620,9,221658,7901879,1899818,1
Poppin,2 Alivï¿,Yeat,2/18/2022,USUM72202097,2493,28,152999496,63,41680427,165647395,67,47,970494,21669688,162198,1
Memories,Memories,Conan Gray,4/15/2022,USUM72204111,2494,28,445742307,72,65247352,299317588,2878,3,1484701,2312729,2074587,0
TOES (feat. Lil Baby & Moneybagg Yo),KIRK,DaBaby,9/27/2019,USUM71919280,2499,28,349688559,60,66011548,643169528,854,43,118261786,41833353,771928,1
X ï¿½ï¿½LTIMA,LEGENDADDY,Daddy Yankee,3/25/2022,USUG12201738,2503,28,409394001,64,123846563,1334863571,15971,81,23456449,676729,526470,1
About You,Being Funny In a Foreign Language,The 1975,10/14/2022,GBK3W2202321,2506,28,350348521,75,63111604,793536731,27952,5,1164726,446223,508585,0
brutal,SOUR,Olivia Rodrigo,5/21/2021,USUG12101242,2524,28,639900946,73,147309966,774173668,8153,85,17091110,278311,820892,1
Recognize (feat. Drake),PARTYNEXTDOOR TWO,PARTYNEXTDOOR,7/29/2014,USWB11401866,2531,28,275465440,65,290207058,53454696,334,8,305888690,140184475,2030167,1
JACKIE BROWN,WASTELAND,Brent Faiyaz,7/8/2022,QM24S2203177,2542,28,247386146,70,48937559,119045728,2377,553,13188304,7098189,1184981,1
Never Going Home,Summer 2021,Kungs,4/28/2021,FR9W12110749,2539,28,304069347,63,87407927,94926621,117243,24,675312,948433,5206645,0
Pacto (feat. Luar La L),Pacto (feat. Luar La L),Jay Wheeler,4/24/2023,USUYG1480456,2547,28,58652026,54,74399520,344636407,66,6,4123989,1875071,397215,1
Lost in the Fire (feat. The Weeknd),Lost in the Fire (feat. The Weeknd),Gesaffelstein,1/11/2019,USQX91803314,2564,27,895496661,75,60795572,500515994,19935,9,44369088,15946343,5540938,1
Dilemma,Nellyville (Explicit Version),Nelly,6/25/2002,USUR10200370,2573,27,859999247,74,1639732381,368297203,173135,86,1097430738,12481497,10809090,1
My wrist (with Young Thug),My wrist (with Young Thug),Yeat,5/26/2023,USUM72307802,2572,27,83393310,64,14159412,9909365,288,57,310482,7298891,180040,1
OJALï¿,OJALï¿,Maria Becerra,6/1/2022,USAT22205402,2579,27,168710415,56,358805694,248098853,10771,1,1069872,6806,182061,0
Bejeweled,Midnights,Taylor Swift,10/21/2022,USUG12205715,2577,27,536110386,71,19011964,1573795763,6686,84,12812687,118548,361280,0
Young And Beautiful,Music From Baz Luhrmann's Film The Great Gatsby,Lana Del Rey,1/1/2013,GBUM71301823,2586,27,1256488099,80,721653474,881937736,7063,38,437188269,1084712,6185418,0
Mary On A Cross,Seven Inches Of Satanic Panic,Ghost,9/13/2019,USC4R1902750,2594,27,589145587,71,235289339,569986027,12737,19,2115178,3607934,3769063,0
Summertime Sadness,Born To Die (Deluxe Version),Lana Del Rey,1/1/2011,GBUM71111565,2606,27,1442872605,79,572303765,1549975311,10698,224,326465544,7979390,8122251,0
8:00 AM,8:00 AM,Nicki Nicole,5/17/2023,UYB282300034,2601,27,135465283,63,106663098,500108092,2340,5,892114,16447,225730,1
Fisherrr,Fisherrr - Single,Cash Cobain,2/28/2024,NL8RL2403852,2598,27,9215777,28,12076033,40589924,12552,41,72082,2362661,286190,1
"Feels (feat. Pharrell Williams, Katy Perry & Big Sean)",Feels,Calvin Harris,6/16/2017,GBARL1700772,2626,27,1120187276,70,80920611,2745676769,32897,2,80533361,1692679,13710879,1
Pink + White,Blonde,Frank Ocean,8/20/2016,QZ5C81600003,2642,27,1299650856,83,158016588,442090971,6091,221,24819579,9043608,2187716,0
Space Song,Depression Cherry,Beach House,8/21/2015,USSUB1512203,2646,27,1099069598,73,127534602,2588157478,4491,9,24447183,16000671,7887047,0
I Can See You (Taylorï¿½ï¿½ï¿½s Version) (From The ,Speak Now (Taylor's Version),Taylor Swift,7/7/2023,USUG12302091,2673,27,247056218,69,41065721,386594049,21779,3,3133286,283563,459379,0
South of the Border (feat. Camila Cabello & Cardi B),South of the Border (feat. Camila Cabello & Cardi B),Ed Sheeran,7/11/2019,GBAHS1900714,2665,27,765374782,67,419150011,43199667,136075,43,51150454,524871,4294116,0
Arranca (feat. Omega),Arranca (feat. Omega),Becky G,3/10/2023,USRC12300209,2699,27,161172707,66,52352229,140240096,71615,534,12462344,37415,1364052,0
Typa Girl,BORN PINK,BLACKPINK,9/16/2022,KRA402200021,2697,27,357054107,66,199710937,790229870,1109,14,1790458,1604862,359205,1
Amor Tumbado,Mi Nuevo Yo,Natanael Cano,12/24/2019,USDXS1911811,2706,27,413743535,73,420669522,152431204,210,42,31804920,25393281,750571,0
Heartless,808s & Heartbreak (Exclusive Edition),Kanye West,1/1/2008,USUM70840511,2738,26,1315577954,79,366241783,250337316,18653,67,587055437,54924850,3795507,0
Mercy,Mercy,Shawn Mendes,8/18/2016,USUM71603531,2727,26,1351515181,74,602907962,169125285,54431,245,216511252,903940,5017015,0
Escï¿½ï¿½n,Escï¿½ï¿½n,ýýengo Flow,8/25/2023,QZ7R42353128,2736,26,63748913,60,109386782,4695060,481,113,306518,420845,202893,1
More Than My Hometown,More Than My Hometown,Morgan Wallen,4/17/2020,QZ22S1800117,2755,26,503296417,74,198319407,124574139,114836,31,183787853,4962564,986413,0
I'll Be Waiting,I'll Be Waiting,Cian Ducrot,11/10/2022,GBUM72205880,2756,26,185042019,62,35977202,68670799,78838,189,1099976,1809877,958912,0
Captain Hook,Suga,Megan Thee Stallion,3/6/2020,QMCE32000098,2787,26,199063354,59,140058306,1039448470,1605,50,56991073,14093735,692819,1
messy in heaven,messy in heaven,venbee,9/23/2022,GBARL2201891,2779,26,120785398,59,25495861,64940140,62413,231,836667,6455224,742291,0
Little Bit of Love,Little Bit of Love,Tom Grennan,1/8/2021,GBARL2001197,2810,26,389164529,62,96711789,82984646,249186,56,1555422,3087711,3654247,0
I Knew You Were Trouble.,I Knew You Were Trouble.,Taylor Swift,1/1/2012,USCJY1231039,2809,26,839642356,72,545463966,48882930,3816,42,653492761,836565,9583929,0
The Real Slim Shady,The Source Hip-Hop Hits Vol. 4,Eminem,1/1/2000,USIR10000448,2796,26,1798020679,81,961666231,771015965,70311,82,508575450,1131521,6637985,1
Save Me,Save Me,Jelly Roll,6/25/2020,USZHR2000088,2799,26,143528699,65,395691039,184322890,1328,8,89016137,5123723,795577,0
Ni Me Debes Ni Te Debo,Colmillo De Leche,Carin Leon,5/19/2023,QZQMB2105022,2797,26,168963270,52,138646834,90780465,6941,7,7647073,276309,327415,0
NOSTYLIST,NO STYLIST,Destroy Lonely,8/12/2022,USLD91740130,2818,26,100973437,63,14289584,552255188,511,34,466721,10092692,443594,1
Where You Are,Where You Are,John Summit,3/3/2023,USUG12301338,2822,26,123058600,71,15090329,30233661,19860,16,3482823,2120172,763897,0
bigger thï¿½ï¿½n everyt,bigger thï¿½ï¿½n everyt,Yeat,8/10/2023,USUM72311204,2832,26,48790265,59,11963045,2309009,242,56,230247,5094725,158531,1
Rhyme Dust,Rhyme Dust,MK,2/24/2023,GBARL2300220,2843,26,116992202,65,7745796,92238960,14692,281,1299775,3195929,762785,0
Just Pretend,THE DEATH OF PEACE OF MIND,Bad Omens,2/25/2022,USYFZ2264208,2872,26,209635991,71,26381437,231239811,99987,102,23457347,1923886,832908,0
Glorious (feat. Skylar Grey),Glorious (feat. Skylar Grey),Macklemore,6/15/2017,QZ8TY1700001,2878,26,899431434,72,345265852,813589191,1116,26,86963909,26708285,3585978,1
Alone,Black Panther: Wakanda Forever - Music From and Inspired By,Burna Boy,11/4/2022,USHR12244832,2875,26,139783785,63,37874489,129948415,5116,1,3097330,4553795,2203339,0
Reminder,Starboy,The Weeknd,11/25/2016,USUG11600998,2890,25,1015965940,77,530807213,445032303,5219,68,71957016,7071878,3869271,1
Meet Me At Our Spot,THE ANXIETY,THE ANXIETY,3/13/2020,QMJMT2002693,2923,25,609716786,69,280056,1195714328,2436,1626,42232240,5318764,3251229,1
Lucky You (feat. Joyner Lucas),Kamikaze,Eminem,8/31/2018,USUM71813334,2944,25,709560621,68,478624672,19887287,1798,15,138039395,3163011,1461359,1
the perfect pair,Beatopia,beabadoobee,7/15/2022,GBK3W2202093,2936,25,230129740,72,34590747,369833975,25825,131,479950,3697209,409448,0
Muï¿½ï¿½ekita (with El Alfa & JT from City Gi,Muï¿½ï¿½ekita (with El Alfa & JT from City Gi,Kali Uchis,8/4/2023,USUM72311229,2967,25,96105220,60,40245884,531122265,2188,69,1583340,742848,443624,1
Heartless (feat. Morgan Wallen),Heartless (feat. Morgan Wallen),Diplo,8/16/2019,USSM11905215,2977,25,548333714,77,191331224,256819834,19,26,252841658,12131149,952624,1
Lionheart (Fearless),Lionheart (Fearless),Joel Corry,10/21/2022,GBAHS2201155,2985,25,110545738,62,23040928,6584480,201798,40,132408,494533,1431373,0
Slow Hands,Slow Hands,Niall Horan,5/4/2017,USUG11700631,2989,25,946043494,70,304206080,93693477,85404,334,267765362,9334619,4873266,0
I Wrote The Book,3 Songs At A Time Sampler,Morgan Wallen,1/31/2023,USUG12300808,2984,25,140137839,64,22406782,47494771,1377,39,119778007,1538268,157892,0
If I Can't Have You,Shawn Mendes (Deluxe),Shawn Mendes,5/25/2018,USUM71907349,3007,25,1015502663,67,290850550,102264948,171291,404,199577088,330177,3403391,0
Antidote,Antidote,Travis Scott,7/28/2015,USSM11505661,3053,25,693552475,68,484191598,100004969,479,18,260556165,5339568,3758685,1
Summer Too Hot,Summer Too Hot,Chris Brown,6/23/2023,USRC12301497,3047,25,41255598,51,24244922,1570567,91035,151,16529034,351529,485039,1
Elastic Heart,Full Circle: The Live Anthology,Sia,11/20/2011,USRC11400976,3064,25,924784325,70,1537848233,663268482,25242,15,221150587,831706,3499919,0
2 Phones,2 Phones,Kevin Gates,11/6/2015,USAT21503158,3083,24,384977271,61,54470349,129310076,424,28,344533623,77602717,1751139,1
Blame,So Fresh ï¿½ï¿½ï¿½ The Hits Of Summer 2015 + Best O,Calvin Harris,1/1/2014,GBARL1400567,3103,24,934248345,73,875518093,98339758,39747,37,244084589,298284,10476296,0
Thotiana,Famous Cryp,Blueface,6/20/2018,QZDA51839408,3129,24,374553396,13,406426712,578801821,13460,4,51852737,11047458,925687,1
Asking,Asking (feat. Clementine Douglas),Sonny Fodera,7/7/2023,US39N2307761,3117,24,86564714,71,7626020,2191926,24743,24,2191,4831190,545123,0
Bangarang (feat. Sirah),Bangarang EP,Skrillex,12/23/2011,USAT21104243,3123,24,474420154,64,1122789221,1383691192,10895,24,70682103,41640906,5198362,1
One Man Band,Old Dominion,Old Dominion,1/18/2019,USRN11800147,3132,24,439281048,75,225336788,60781778,24352,155,393520749,776333,1750559,0
YEAH RIGHT,Yeah Right,Joji,5/8/2018,USUYG1194991,3192,24,707551397,21,222319540,186530347,119,56,9776641,18684374,1508168,1
Soundgasm,Soundgasm,Rema,6/10/2021,NGA3B2114003,3195,24,142352659,58,105833149,129897849,9295,85,5024541,5273813,2768798,1
Oklahoma Smokeshow,Summertime Blues,Zach Bryan,7/15/2022,USWB12202706,3193,24,283406755,77,62279409,49171406,794,22,42707006,3672155,363648,0
Style,1989 (Deluxe),Taylor Swift,1/1/2014,USCJY1431319,3179,24,1216966135,74,848555837,428073160,18666,117,388338220,448643,6844702,0
FEEL,Timeless,Davido,3/30/2023,GBARL2300319,3202,24,65174919,64,37986567,479919203,7196,34,1188467,998528,1062087,0
Cï¿½ï¿½MO SE SIENTE - R,Como Se Siente (Remix),Jhay Cortez,5/9/2020,USUM72010288,3190,24,705672746,70,271113088,124603506,4564,20,66731877,72533,633497,1
Without Me,The Source - Hip Hop Hits Vol. 6,Eminem,1/1/2002,USIR10211038,3210,24,2146682342,83,347730526,177890147,2668,69,424694899,36224403,13371463,1
Lost Boy,Lost Boy,Ruth B.,8/21/2015,USSM11506787,3207,24,840781611,64,32641573,160655710,1910,21,395651668,1523157,3966093,0
Diamondz n Roses,Diamondz n Roses,VaporGod,3/23/2023,QZHN42330211,3205,24,33044062,6,17304165,2490290769,4,25,37348,4078815,42664,0
Paris,Paris,The Chainsmokers,1/13/2017,USQX91603031,3243,24,1188567787,68,96234317,388633141,47278,91,251208489,1880533,4914487,0
Kool-Aid,Kool-Aid,Bring Me The Horizon,1/5/2024,GBARL2301975,3235,24,49756092,73,16624763,4372,3566,5,2053888,351383,65087,1
Tï¿½ï¿½ Me Dejaste De Qu,Tï¿½ï¿½ Me Dejaste De Querer (feat. Niï¿½ï¿½o de Elche & La ,C. Tangana,11/5/2020,ES5022000718,3277,24,401979272,66,236719624,203030554,15171,6,232813,1133646,1750278,0
Spotless (feat. The Lumineers),Spotless (feat. The Lumineers),Zach Bryan,8/24/2023,USWB12304905,3271,24,157676395,76,5025676,2359449,8672,302,12486187,1123740,118515,1
Enough Is Enough,AUSTIN,Post Malone,7/28/2023,USUM72306021,3326,23,106740885,66,4758436,12122087,48065,407,26114309,401556,432706,1
Asï¿½ï¿½ Lo Quiso ,DESVELADO,Eslabon Armado,4/28/2023,USE7D2300024,3327,23,173061521,67,53668901,239225982,2,1,23293442,958109,604065,0
Notion,Futureproof,The Rare Occasions,8/5/2016,USHM21617726,3325,23,597718233,76,152225528,1985146213,432,57,6377646,23761659,3504438,0
Outskirts,Outskirts,Sam Hunt,3/10/2023,USUM72302885,3334,23,66067682,65,7470172,2892289,141315,68,35832045,341717,241991,0
X,X,Nicky Jam,2/22/2018,USSD11800024,3319,23,981323727,73,87459823,371899059,38418,341,162612776,851609,13561186,0
Promiscuous,Loose (Japan Version),Nelly Furtado,1/1/2006,USUM70603473,3348,23,1194124781,78,810297837,1795501997,74370,337,483978772,6774273,6254052,0
i'm yours,i'm yours,Isabel LaRosa,10/28/2022,USRC12203917,3361,23,320296093,76,27153913,38533990,1032,14,1803985,3922370,343605,0
Iï¿½ï¿½ï¿½m Not Here To Make Friends (feat. Calvin Harris & Jessie ,Gloria,Sam Smith,1/27/2023,GBUM72205420,3386,23,146921991,61,37582359,351979940,117393,63,803647,239714,813738,0
Distraction,Distraction,Polo G,6/3/2022,USSM12204451,3383,23,103549505,55,40937892,21878255,3795,35,6567553,13099010,177908,1
Washing Machine Heart,Be the Cowboy,Mitski,8/17/2018,USJ5G1815012,3388,23,743015700,77,177148832,1004422009,647,250,4304887,12250564,1821714,0
Little Things,Little Things,Jorja Smith,5/11/2023,QM4TX2344810,3380,23,46615691,54,6255853,758814572,15021,11,380027,985463,591008,0
Dead Man Walking,Dead Man Walking,Brent Faiyaz,9/18/2020,QM24S2006908,3382,23,390893607,66,94620680,368523039,1122,6,12496672,3841582,927120,1
Ball If I Want To,Ball If I Want To,DaBaby,6/18/2021,USUM72109804,3418,23,216934691,60,70627607,1016363322,8865,94,46773968,8702695,603507,1
Limbo,Prestige,Daddy Yankee,1/1/2012,USNPD1200128,3400,23,508914869,70,1529347092,73318392,12567,67,200834379,330708,5615561,0
DJ Got Us Fallin' In Love,Europa FM Presenta Europa Baila,USHER,1/1/2010,USLF21000041,3402,23,841183589,76,485860020,64589027,2137,351,793976863,1444503,6644459,0
Cool With You,NewJeans 2nd EP 'Get Up',NewJeans,7/21/2023,USA2P2330072,3425,23,165916276,70,52705822,92644726,4205,31,570444,861470,139260,0
New Freezer (feat. Kendrick Lamar),New Freezer (feat. Kendrick Lamar),Rich The Kid,9/25/2017,USUM71708973,3424,23,317302250,54,113727264,286048019,7340,140,87899940,74265281,2007712,1
Have Mercy,Have Mercy,Chlï¿½,9/10/2021,USSM12105357,3445,23,202781631,60,1271445,2410282562,119001,1447,67145429,4649990,1690643,1
White Tee (with NO1-NOAH),Life On Earth - EP,Summer Walker,7/10/2020,USUM72013570,3474,23,277094824,63,118824965,537618525,868,36,8138349,13393881,3474234,1
Too Easy,Too Easy,Gunna,9/24/2021,QMCE32100757,3452,23,133039977,54,21842375,241202185,19365,401,15478634,13914231,216542,1
You Know You Like It,You Know You Like It,DJ Snake,10/14/2014,USUM71414293,3465,23,506083686,65,191257884,53859932,20173,45,359711385,51994371,14034296,0
Let Your Boys Be Country,Let Your Boys Be Country,Jason Aldean,8/25/2023,QMRSZ2301462,3456,23,21485335,1,5878965,9858141,85293,8,28859182,242451,92321,0
The Summoning,The Summoning - Single,Sleep Token,1/6/2023,GBUM72200352,3484,23,135976140,69,37952419,14785534,3782,3,2998363,861468,390413,0
La player (Bandolera),La Player (Bandolera),Zion & Lennox,2/23/2018,USWL11700273,3520,23,603009543,65,752863338,33166882,13214,19,45328272,386024,1628610,0
Ain't Your Mama,Ain't Your Mama,Jennifer Lopez,4/7/2016,USSM11602625,3562,22,478791369,63,964694090,281205271,53264,36,17832312,143896,4680196,0
TWINNEM,TWINNEM,Coi Leray,9/20/2021,USUM72115284,3557,22,34116353,42,73393043,6661617341,966,1051,13112166,1967272,1061424,1
Love Sosa,Finally Rich (Deluxe),Chief Keef,1/1/2012,USUM71214600,3586,22,757522352,74,101146931,450672924,1404,51,199348206,385854,1130370,1
Boyfriend,Believe,Justin Bieber,1/1/2012,USUM71202650,3614,22,538918222,70,992302781,149188520,5481,66,196398467,313957,3052967,0
Let Me Love You,Turning Point,Mario,1/1/2004,USJAY0400348,3608,22,971172980,70,996052113,171491357,112158,106,1022198659,139191,6473758,0
Like I Want You,LIKE I WANT YOU,Giveon,11/21/2019,USSM11914370,3623,22,382565051,69,121875542,123745488,25,24,26786493,21223826,1222113,0
Budapest,Did You Hear the Rain?,George Ezra,11/3/2013,GBARL1400477,3646,22,1142061871,79,265620751,42711557,106124,208,336791180,360734,12360774,0
Just Dance,The Fame,Lady Gaga,1/1/2008,USUM70807646,3629,22,1062571821,74,566585521,623454990,209992,425,267910774,9858069,7126620,0
Tom's Diner,Tom's Diner,AnnenMayKantereit,6/28/2019,DEUM71903009,3640,22,296543065,68,205245834,2473547695,6060,148,1650972,527470,3560853,0
Ring (feat. Kehlani),Invasion of Privacy,Cardi B,4/6/2018,USAT21801432,3671,22,242105356,59,327705174,38979215,48967,40,198379303,34076078,1550411,1
What Ifs (feat. Lauren Alaina),Kane Brown,Kane Brown,12/2/2016,USRN11600859,3696,22,516523975,67,407784529,10506569,132684,56,366815231,1264787,1925032,0
SET ME FREE,READY TO BE,TWICE,3/10/2023,US5TA2300005,3705,22,117186345,62,137633324,580855649,1361,33,575708,626127,191507,0
"Sex, Drugs, Etc.",Chit Chat,Beach Weather,11/4/2016,TCACS1642138,3731,22,818926915,77,85879643,478999463,127903,278,4397971,9460095,3388780,0
Playing Games,Playing Games,Summer Walker,8/23/2019,USUM71917221,3737,22,177369022,58,200783046,75387907,100358,472,26303941,35561645,1548061,1
NI BIEN NI MAL,X 100PRE,Bad Bunny,12/23/2018,QM7281884659,3735,22,461199840,61,457134135,170750243,2191,21,87133397,1606154,889933,1
Candy Shop,Candy Shop,50 Cent,1/1/2005,USIR10500072,3732,22,954807024,75,1230174677,950938614,44539,122,336378328,18800874,6300407,1
This Town,This Town,Niall Horan,9/29/2016,USUG11601029,3743,22,957810500,74,174370096,159860013,19825,69,168215252,21192691,5142901,0
Cab In A Solo,Cab In A Solo - Single,Scotty McCreery,8/18/2023,USQX92304263,3787,22,11614161,55,3113363,1218414,118584,3,11488894,136514,311403,0
Slide,Slide,H.E.R.,9/27/2019,USRC11902505,3781,22,224529894,53,268061194,112923227,92023,9,132646262,3325890,2404340,1
Be The One,Be The One,Eli Brown,3/31/2023,GBUM72302199,3777,22,75309953,67,9963983,22133936,3716,39,827038,3389875,330883,0
This City,Not a Hobby,Sam Fischer,1/19/2018,TCADL1840559,3767,22,633467655,63,26434293,1120361528,43085,83,34430527,27508804,1565404,0
Overwhelmed,Overwhelmed,Royal & the Serpent,6/26/2020,USAT22002973,3813,21,189175699,62,14575452,2001548087,22497,163,16754992,5117469,1456206,0
Hype Boy,NewJeans 1st EP 'New Jeans',NewJeans,8/1/2022,USA2P2230222,3836,21,541018402,74,35777367,1096877338,6153,106,885151,1574180,474609,0
PERSIAN RUGS,PARTYPACK,PARTYNEXTDOOR,10/16/2020,USWB12004216,3840,21,113153819,65,14448833,47272619,63,37,1376205,48659667,97523,1
Be Kind (with Halsey),Manic,Marshmello,1/17/2020,USUG12001567,3829,21,664972754,67,148754253,275420611,123485,251,50964881,52172,3200345,0
For Tonight,For Tonight,Giveon,9/24/2021,USSM12106837,3848,21,259405297,59,68379159,71844871,66137,714,38644659,4737504,1255610,0
0800 HEAVEN,0800 HEAVEN - Single,Nathan Dawe,6/9/2023,GBAHS2300402,3878,21,68189858,61,15853723,4189925,66669,205,198047,1981079,521658,0
March Madness,56 Nights,Future,3/21/2015,USSM11507194,3886,21,169574765,61,64115813,29701332,3414,5,309053851,100699130,1488185,1
Que Calor (with J Balvin & El Alfa),Major Lazer Essentials,Major Lazer,10/19/2018,QMUY41800271,3875,21,433664050,59,235890905,1344891926,28247,277,26759367,8083227,4070551,0
I Know,I Know,Kanii,3/10/2023,USWB12300650,3914,21,49939720,54,48845907,1646887640,178,1056,232181,2940190,510234,1
The Last Goodbye (feat. Bettye LaVette),The Last Goodbye (feat. Bettye LaVette) - Single,ODESZA,2/8/2022,GBCFB2100832,3905,21,122957173,58,35159391,1408619017,5136,19,1757068,1860975,1713873,0
The Weekend,Ctrl,SZA,6/9/2017,USRC11701116,3896,21,537523729,70,366197654,103430758,2678,65,211565753,3776319,1833030,1
Rake It Up,Rake It Up,Yo Gotti,6/23/2017,USSM11705366,3924,21,365789171,58,347981506,75103695,8,51,336119724,1720331,3844287,1
Walk,Walk/Spin,Kodak Black,9/16/2022,USAT22214755,3903,21,62323136,54,34075392,25342217,2750,544,3561732,10571345,288137,1
Animals,Animals - Single,Martin Garrix,1/1/2013,NLZ541300467,3957,21,413855724,61,62878984,170836810,8044,375,164294520,74446604,17865575,1
Let The Light In (feat. Father John Misty),Did you know that there's a tunnel under Ocean Blvd,Lana Del Rey,3/10/2023,GBUM72206754,3932,21,240686521,75,21619,349168412,2028,22,912274,149385,632580,0
Show Me How,Show Me How - Single,Men I Trust,2/28/2018,TCADM1873570,3965,21,466462034,20,91890599,1503260547,1227,102,2932987,15339480,989841,0
Joro,Joro,Wizkid,9/30/2019,USRC11901068,4005,21,117819788,59,312077132,1866473503,5324,1,4356329,5341193,3178427,0
Colors,Colors,Black Pumas,4/16/2019,USATO1900023,4014,21,215492373,67,291742629,64559724,48571,231,18305762,931340,2951859,0
Flowers,Flowers,Lauren Spencer Smith,4/14/2022,USUG12202201,4000,21,260183209,65,64169463,295540554,15877,62,12043516,5221070,626257,1
7 Summers,7 Summers,Morgan Wallen,8/14/2020,QZ22S1800133,4038,21,433429705,73,108280492,273205308,44492,14,77905510,5301405,667963,0
You're Somebody Else,Nothing Lasts Forever (And It's Fine),flora cash,4/21/2017,SEXCG1700102,4025,21,473059298,62,302782709,793624604,50039,59,71313267,9351732,4844008,0
Pelle Coat,Pelle Coat,Lil Durk,5/25/2023,USQX92303167,4055,21,25898720,50,21808363,16324229,413,4,2593246,7153821,317600,1
King's Dead (with Kendrick Lamar & Future),King''s Dead (with Kendrick Lamar & Future),Jay Rock,1/12/2018,USUM71714093,4081,21,597167984,65,229946161,1101118641,2107,38,85519386,2310759,2571189,1
Alone,Alone,Rod Wave,8/9/2022,USQX92203746,4098,21,64562541,55,63051891,38123007,1310,181,20018298,14854093,262393,1
Only Girl (In The World),Loud (Japan Version),Rihanna,1/1/2010,USUM71023200,4090,21,1085436198,78,162454294,1513290,227403,212,507023502,1394635,6724803,0
Hit Different,Hit Different,SZA,9/4/2020,USRC12002998,4097,21,254979267,63,234785367,76024269,46258,19,64371686,1578488,961364,1
Energy,Energy,Digga D,3/9/2023,GB2DY2300114,4113,21,43078993,52,10699230,306310318,3645,103,28410,4102693,128246,1
What A Man Gotta Do,What A Man Gotta Do,Jonas Brothers,1/17/2020,USUG11904422,4104,21,505295731,64,151335556,48126470,211790,222,51486501,208843,2572578,0
No Switch,Colors (Deluxe),YoungBoy Never Broke Again,1/21/2022,USAT22200200,4119,20,53849840,60,60416082,40727724,528,4,2506210,20423284,354115,1
Yankee 150,Yankee 150 - Single,Yandel,6/16/2023,QM6P42372371,4189,20,126879048,63,26943448,389534,9665,5,21058757,525588,199309,1
Fuga Pa Cali 2,La Clase,Grupo Los de la O,11/12/2021,QZMFV2000234,4182,20,274559147,66,225016104,98720581,11,4,10537539,2239350,592764,1
Cruise,Here's To The Good Times,Florida Georgia Line,1/1/2012,USUM71207991,4210,20,455780340,67,2801769,11785941,138702,281,601741070,1839356,2690275,0
Down In Atlanta,Down In Atlanta - Single,Pharrell Williams,11/18/2022,USSM12208341,4214,20,92424493,58,9282240,120998374,14373,83,1754240,1906965,314486,1
Sun to Me,American Heartbreak,Zach Bryan,5/20/2022,USWB12201490,4209,20,307125680,78,23958351,91548493,1612,24,61065910,2086392,170053,0
ID,ID - Single,Young Miko,6/2/2023,QZXD92300004,4197,20,118689822,61,45565540,215516634,3615,22,1171962,314977,227408,1
Remember That Night?,Remember That Night?,Sara Kays,11/6/2020,USAT22007230,4200,20,363510259,68,45636634,907351760,12357,17,44733897,15009558,663298,0
Bound 2,Yeezus,Kanye West,1/1/2013,USUM71307523,4239,20,948562412,76,179763989,509550794,1601,23,21177888,31181184,2295441,1
Feel This Moment,Greatest Hits,Pitbull,1/1/2009,USRC11201328,4243,20,687212492,74,830074389,388454078,1411,199,323641777,15618720,10452280,0
Ocean Drive,Ocean Drive,Duke Dumont,7/31/2015,GBUM71504503,4246,20,624262344,68,139990813,61873397,56327,34,70073404,15506367,13112923,0
Mama (with Skilla Baby & Tay B),Mama (with Skilla Baby & Tay B),Rob49,8/4/2023,USA2P2330132,4240,20,15885603,53,9303252,17072834,49615,111,4964003,4147498,692423,1
Clouded,Fuck The World,Brent Faiyaz,2/7/2020,QM24S1927163,4264,20,556176640,75,53515473,203313460,48,6,15516583,15539564,478489,1
Day 'N' Nite (nightmare),Day 'N' Nite,Kid Cudi,1/1/2009,USUM70957500,4277,20,836986096,64,348950018,87179494,16944,205,675329188,3925477,2984024,1
VOID,VOID,Melanie Martinez,3/29/2023,USAT22220418,4259,20,121386649,56,36712138,399701698,25855,16,2154605,2224291,232347,0
i'm so tired...,i'm so tired...,Lauv,1/24/2019,GBKPL1933763,4260,20,885986482,66,221704345,39158457,46352,71,31530526,5865868,2767586,0
Quï¿½ï¿½ Onda Per,Quï¿½ï¿½ Onda Per,Gerardo Coronel,2/17/2023,QZDQH2301118,4307,20,58284482,54,79995263,281657688,1561,16,35942085,741427,507081,0
Your Heart Or Mine,Mr. Saturday Night,Jon Pardi,9/2/2022,USUM72211354,4329,20,129531779,69,13125721,12561121,153263,144,34744597,893347,446529,0
"You're Gonna Go Far, Kid","Rise And Fall, Rage And Grace",The Offspring,6/12/2008,USSM10801605,4334,20,968810827,77,336220628,47328081,67246,5,793391919,1109382,3522400,1
Hide Away,Hide Away,Daya,4/22/2015,QM4ZV1500057,4327,20,493444344,76,110108631,1951015670,8576,162,315421399,2353027,4367770,0
Chamber Of Reflection,Salad Days,Mac DeMarco,3/28/2014,QMMZN1300568,4321,20,728140057,74,251014567,918538689,2120,4,19923286,15522068,2451463,0
Baddest,Baddest,Yung Bleu,6/11/2021,USUYG1373541,4391,20,58539080,49,93406018,122233226,180840,245,72404038,1747863,1492094,1
Embarrassed (feat. Travis Scott),Embarrassed (feat. Travis Scott),Don Toliver,2/23/2023,USAT22302147,4418,19,96288883,63,8545326,2917500,278,4,527188,2021849,190951,1
Young,Vibes,Vacations,12/9/2016,SEYOK1669274,4431,19,597591280,74,105282082,1487039791,269,10,4444885,23290198,1723404,0
She Make It Clap,She Make It Clap,Soulja Boy,3/12/2021,TCAFL2178806,4452,19,87813373,51,22158547,3050656195,11520,147,11767557,3340704,571513,1
You should be sad,You should be sad,Halsey,11/8/2019,USUM71918343,4490,19,557921212,64,61717959,41811499,118637,338,105657255,5930140,2538528,1
Ex's & Oh's,Love Stuff (Japan Version),Elle King,1/1/2014,USRC11401950,4466,19,501915477,66,317068971,29687816,114659,240,351130418,9884534,11012948,0
DFMU,DFMU,Ella Mai,1/28/2022,USUM72123679,4491,19,59929910,56,87393499,36200780,99339,428,74838753,3910975,810803,1
The Heart Part 5,The Heart Part 5,Kendrick Lamar,5/8/2022,USUM72208318,4470,19,89806639,59,55825164,49727704,172,28,2152456,8141454,303787,1
A Ella,A Ella,KAROL G,5/5/2017,USUM71703010,4456,19,365062854,71,893949453,109160109,1956,32,57470493,2498936,501725,0
Smells Like Teen Spirit,Nevermind (30th Anniversary Edition Super Deluxe),Nirvana,9/24/1991,USGF19942501,4510,19,2021910364,77,348081676,720283921,146813,287,691979509,13047851,12775440,0
Country Girl (Shake It For Me),Tailgates & Tanlines,Luke Bryan,1/1/2011,USCN11100078,4530,19,464203349,70,192327944,136935165,99018,141,514853161,1017184,2256949,0
The Way I Are,Shock Value (International Version),Timbaland,1/1/2007,USUM70722806,4495,19,858734232,78,671323389,318483532,56432,347,404463590,1896764,10984658,0
Delilah (pull me out of this),Delilah (pull me out of this),Fred again..,10/17/2022,GBAHS2201028,4555,19,172321571,61,441247,164453741,16471,27,353677,3734930,615432,0
Focus,Focus,Ariana Grande,10/30/2015,USUM71516960,4551,19,315697428,57,1033104472,61451981,6723,1,65640640,4570896,1966828,0
Daylight,Harry's House,Harry Styles,5/20/2022,USSM12200613,4558,19,377242486,68,46848683,224312083,4931,218,20446088,165194,224414,0
